"","Topn","Gamescore","Breaks","Frequency"
"1",100,"0-0",0.25,0
"2",100,"0-0",0.275,0
"3",100,"0-0",0.3,0
"4",100,"0-0",0.325,0
"5",100,"0-0",0.35,1
"6",100,"0-0",0.375,0
"7",100,"0-0",0.4,0
"8",100,"0-0",0.425,1
"9",100,"0-0",0.45,4
"10",100,"0-0",0.475,3
"11",100,"0-0",0.5,4
"12",100,"0-0",0.525,6
"13",100,"0-0",0.55,10
"14",100,"0-0",0.575,22
"15",100,"0-0",0.6,64
"16",100,"0-0",0.625,65
"17",100,"0-0",0.65,52
"18",100,"0-0",0.675,16
"19",100,"0-0",0.7,8
"20",100,"0-0",0.725,2
"21",100,"0-0",0.75,0
"22",100,"0-0",0.775,2
"23",100,"0-0",0.8,0
"24",100,"0-0",0.825,0
"25",100,"0-0",0.85,0
"26",100,"0-0",0.875,0
"27",100,"0-15",0.25,0
"28",100,"0-15",0.275,0
"29",100,"0-15",0.3,0
"30",100,"0-15",0.325,0
"31",100,"0-15",0.35,0
"32",100,"0-15",0.375,1
"33",100,"0-15",0.4,1
"34",100,"0-15",0.425,1
"35",100,"0-15",0.45,4
"36",100,"0-15",0.475,1
"37",100,"0-15",0.5,3
"38",100,"0-15",0.525,17
"39",100,"0-15",0.55,21
"40",100,"0-15",0.575,35
"41",100,"0-15",0.6,46
"42",100,"0-15",0.625,36
"43",100,"0-15",0.65,21
"44",100,"0-15",0.675,11
"45",100,"0-15",0.7,3
"46",100,"0-15",0.725,1
"47",100,"0-15",0.75,0
"48",100,"0-15",0.775,0
"49",100,"0-15",0.8,0
"50",100,"0-15",0.825,0
"51",100,"0-15",0.85,0
"52",100,"0-15",0.875,0
"53",100,"0-30",0.25,0
"54",100,"0-30",0.275,0
"55",100,"0-30",0.3,0
"56",100,"0-30",0.325,0
"57",100,"0-30",0.35,0
"58",100,"0-30",0.375,0
"59",100,"0-30",0.4,0
"60",100,"0-30",0.425,1
"61",100,"0-30",0.45,0
"62",100,"0-30",0.475,2
"63",100,"0-30",0.5,5
"64",100,"0-30",0.525,12
"65",100,"0-30",0.55,18
"66",100,"0-30",0.575,21
"67",100,"0-30",0.6,32
"68",100,"0-30",0.625,28
"69",100,"0-30",0.65,15
"70",100,"0-30",0.675,14
"71",100,"0-30",0.7,5
"72",100,"0-30",0.725,2
"73",100,"0-30",0.75,0
"74",100,"0-30",0.775,0
"75",100,"0-30",0.8,0
"76",100,"0-30",0.825,0
"77",100,"0-30",0.85,0
"78",100,"0-30",0.875,0
"79",100,"0-40",0.25,0
"80",100,"0-40",0.275,0
"81",100,"0-40",0.3,0
"82",100,"0-40",0.325,1
"83",100,"0-40",0.35,1
"84",100,"0-40",0.375,0
"85",100,"0-40",0.4,0
"86",100,"0-40",0.425,0
"87",100,"0-40",0.45,4
"88",100,"0-40",0.475,5
"89",100,"0-40",0.5,6
"90",100,"0-40",0.525,19
"91",100,"0-40",0.55,5
"92",100,"0-40",0.575,16
"93",100,"0-40",0.6,10
"94",100,"0-40",0.625,8
"95",100,"0-40",0.65,15
"96",100,"0-40",0.675,2
"97",100,"0-40",0.7,5
"98",100,"0-40",0.725,1
"99",100,"0-40",0.75,1
"100",100,"0-40",0.775,0
"101",100,"0-40",0.8,0
"102",100,"0-40",0.825,0
"103",100,"0-40",0.85,0
"104",100,"0-40",0.875,0
"105",100,"15-0",0.25,0
"106",100,"15-0",0.275,0
"107",100,"15-0",0.3,0
"108",100,"15-0",0.325,0
"109",100,"15-0",0.35,0
"110",100,"15-0",0.375,0
"111",100,"15-0",0.4,0
"112",100,"15-0",0.425,1
"113",100,"15-0",0.45,0
"114",100,"15-0",0.475,1
"115",100,"15-0",0.5,2
"116",100,"15-0",0.525,6
"117",100,"15-0",0.55,10
"118",100,"15-0",0.575,17
"119",100,"15-0",0.6,59
"120",100,"15-0",0.625,54
"121",100,"15-0",0.65,39
"122",100,"15-0",0.675,22
"123",100,"15-0",0.7,6
"124",100,"15-0",0.725,4
"125",100,"15-0",0.75,0
"126",100,"15-0",0.775,1
"127",100,"15-0",0.8,0
"128",100,"15-0",0.825,0
"129",100,"15-0",0.85,0
"130",100,"15-0",0.875,0
"131",100,"15-15",0.25,0
"132",100,"15-15",0.275,0
"133",100,"15-15",0.3,0
"134",100,"15-15",0.325,0
"135",100,"15-15",0.35,0
"136",100,"15-15",0.375,1
"137",100,"15-15",0.4,0
"138",100,"15-15",0.425,0
"139",100,"15-15",0.45,1
"140",100,"15-15",0.475,4
"141",100,"15-15",0.5,4
"142",100,"15-15",0.525,5
"143",100,"15-15",0.55,10
"144",100,"15-15",0.575,23
"145",100,"15-15",0.6,41
"146",100,"15-15",0.625,53
"147",100,"15-15",0.65,39
"148",100,"15-15",0.675,20
"149",100,"15-15",0.7,4
"150",100,"15-15",0.725,5
"151",100,"15-15",0.75,0
"152",100,"15-15",0.775,0
"153",100,"15-15",0.8,0
"154",100,"15-15",0.825,0
"155",100,"15-15",0.85,0
"156",100,"15-15",0.875,0
"157",100,"15-30",0.25,0
"158",100,"15-30",0.275,0
"159",100,"15-30",0.3,0
"160",100,"15-30",0.325,0
"161",100,"15-30",0.35,1
"162",100,"15-30",0.375,0
"163",100,"15-30",0.4,0
"164",100,"15-30",0.425,0
"165",100,"15-30",0.45,2
"166",100,"15-30",0.475,2
"167",100,"15-30",0.5,5
"168",100,"15-30",0.525,8
"169",100,"15-30",0.55,20
"170",100,"15-30",0.575,33
"171",100,"15-30",0.6,40
"172",100,"15-30",0.625,34
"173",100,"15-30",0.65,20
"174",100,"15-30",0.675,9
"175",100,"15-30",0.7,4
"176",100,"15-30",0.725,2
"177",100,"15-30",0.75,1
"178",100,"15-30",0.775,1
"179",100,"15-30",0.8,0
"180",100,"15-30",0.825,0
"181",100,"15-30",0.85,0
"182",100,"15-30",0.875,0
"183",100,"15-40",0.25,0
"184",100,"15-40",0.275,0
"185",100,"15-40",0.3,0
"186",100,"15-40",0.325,0
"187",100,"15-40",0.35,1
"188",100,"15-40",0.375,1
"189",100,"15-40",0.4,1
"190",100,"15-40",0.425,0
"191",100,"15-40",0.45,0
"192",100,"15-40",0.475,2
"193",100,"15-40",0.5,5
"194",100,"15-40",0.525,9
"195",100,"15-40",0.55,18
"196",100,"15-40",0.575,24
"197",100,"15-40",0.6,27
"198",100,"15-40",0.625,23
"199",100,"15-40",0.65,17
"200",100,"15-40",0.675,16
"201",100,"15-40",0.7,5
"202",100,"15-40",0.725,0
"203",100,"15-40",0.75,1
"204",100,"15-40",0.775,0
"205",100,"15-40",0.8,0
"206",100,"15-40",0.825,0
"207",100,"15-40",0.85,0
"208",100,"15-40",0.875,0
"209",100,"30-0",0.25,0
"210",100,"30-0",0.275,0
"211",100,"30-0",0.3,0
"212",100,"30-0",0.325,0
"213",100,"30-0",0.35,0
"214",100,"30-0",0.375,0
"215",100,"30-0",0.4,0
"216",100,"30-0",0.425,1
"217",100,"30-0",0.45,1
"218",100,"30-0",0.475,0
"219",100,"30-0",0.5,1
"220",100,"30-0",0.525,3
"221",100,"30-0",0.55,10
"222",100,"30-0",0.575,6
"223",100,"30-0",0.6,19
"224",100,"30-0",0.625,37
"225",100,"30-0",0.65,53
"226",100,"30-0",0.675,38
"227",100,"30-0",0.7,18
"228",100,"30-0",0.725,13
"229",100,"30-0",0.75,3
"230",100,"30-0",0.775,1
"231",100,"30-0",0.8,1
"232",100,"30-0",0.825,0
"233",100,"30-0",0.85,0
"234",100,"30-0",0.875,0
"235",100,"30-15",0.25,0
"236",100,"30-15",0.275,0
"237",100,"30-15",0.3,0
"238",100,"30-15",0.325,0
"239",100,"30-15",0.35,0
"240",100,"30-15",0.375,0
"241",100,"30-15",0.4,0
"242",100,"30-15",0.425,0
"243",100,"30-15",0.45,1
"244",100,"30-15",0.475,0
"245",100,"30-15",0.5,5
"246",100,"30-15",0.525,7
"247",100,"30-15",0.55,13
"248",100,"30-15",0.575,20
"249",100,"30-15",0.6,47
"250",100,"30-15",0.625,47
"251",100,"30-15",0.65,35
"252",100,"30-15",0.675,16
"253",100,"30-15",0.7,6
"254",100,"30-15",0.725,7
"255",100,"30-15",0.75,1
"256",100,"30-15",0.775,0
"257",100,"30-15",0.8,0
"258",100,"30-15",0.825,0
"259",100,"30-15",0.85,0
"260",100,"30-15",0.875,0
"261",100,"30-30",0.25,0
"262",100,"30-30",0.275,0
"263",100,"30-30",0.3,0
"264",100,"30-30",0.325,0
"265",100,"30-30",0.35,0
"266",100,"30-30",0.375,0
"267",100,"30-30",0.4,1
"268",100,"30-30",0.425,0
"269",100,"30-30",0.45,1
"270",100,"30-30",0.475,2
"271",100,"30-30",0.5,2
"272",100,"30-30",0.525,5
"273",100,"30-30",0.55,13
"274",100,"30-30",0.575,26
"275",100,"30-30",0.6,34
"276",100,"30-30",0.625,44
"277",100,"30-30",0.65,34
"278",100,"30-30",0.675,17
"279",100,"30-30",0.7,12
"280",100,"30-30",0.725,1
"281",100,"30-30",0.75,0
"282",100,"30-30",0.775,1
"283",100,"30-30",0.8,0
"284",100,"30-30",0.825,0
"285",100,"30-30",0.85,0
"286",100,"30-30",0.875,0
"287",100,"30-40",0.25,0
"288",100,"30-40",0.275,0
"289",100,"30-40",0.3,0
"290",100,"30-40",0.325,0
"291",100,"30-40",0.35,0
"292",100,"30-40",0.375,0
"293",100,"30-40",0.4,0
"294",100,"30-40",0.425,1
"295",100,"30-40",0.45,2
"296",100,"30-40",0.475,3
"297",100,"30-40",0.5,3
"298",100,"30-40",0.525,9
"299",100,"30-40",0.55,22
"300",100,"30-40",0.575,33
"301",100,"30-40",0.6,36
"302",100,"30-40",0.625,26
"303",100,"30-40",0.65,18
"304",100,"30-40",0.675,7
"305",100,"30-40",0.7,3
"306",100,"30-40",0.725,4
"307",100,"30-40",0.75,1
"308",100,"30-40",0.775,0
"309",100,"30-40",0.8,1
"310",100,"30-40",0.825,0
"311",100,"30-40",0.85,0
"312",100,"30-40",0.875,0
"313",100,"40-0",0.25,0
"314",100,"40-0",0.275,0
"315",100,"40-0",0.3,0
"316",100,"40-0",0.325,0
"317",100,"40-0",0.35,0
"318",100,"40-0",0.375,0
"319",100,"40-0",0.4,0
"320",100,"40-0",0.425,0
"321",100,"40-0",0.45,0
"322",100,"40-0",0.475,0
"323",100,"40-0",0.5,1
"324",100,"40-0",0.525,3
"325",100,"40-0",0.55,1
"326",100,"40-0",0.575,7
"327",100,"40-0",0.6,15
"328",100,"40-0",0.625,25
"329",100,"40-0",0.65,37
"330",100,"40-0",0.675,42
"331",100,"40-0",0.7,31
"332",100,"40-0",0.725,10
"333",100,"40-0",0.75,5
"334",100,"40-0",0.775,2
"335",100,"40-0",0.8,2
"336",100,"40-0",0.825,0
"337",100,"40-0",0.85,0
"338",100,"40-0",0.875,0
"339",100,"40-15",0.25,0
"340",100,"40-15",0.275,0
"341",100,"40-15",0.3,0
"342",100,"40-15",0.325,0
"343",100,"40-15",0.35,0
"344",100,"40-15",0.375,0
"345",100,"40-15",0.4,0
"346",100,"40-15",0.425,0
"347",100,"40-15",0.45,1
"348",100,"40-15",0.475,2
"349",100,"40-15",0.5,0
"350",100,"40-15",0.525,4
"351",100,"40-15",0.55,5
"352",100,"40-15",0.575,10
"353",100,"40-15",0.6,24
"354",100,"40-15",0.625,34
"355",100,"40-15",0.65,51
"356",100,"40-15",0.675,36
"357",100,"40-15",0.7,20
"358",100,"40-15",0.725,7
"359",100,"40-15",0.75,4
"360",100,"40-15",0.775,0
"361",100,"40-15",0.8,0
"362",100,"40-15",0.825,0
"363",100,"40-15",0.85,0
"364",100,"40-15",0.875,0
"365",100,"40-30",0.25,0
"366",100,"40-30",0.275,0
"367",100,"40-30",0.3,0
"368",100,"40-30",0.325,0
"369",100,"40-30",0.35,0
"370",100,"40-30",0.375,0
"371",100,"40-30",0.4,1
"372",100,"40-30",0.425,1
"373",100,"40-30",0.45,0
"374",100,"40-30",0.475,5
"375",100,"40-30",0.5,3
"376",100,"40-30",0.525,5
"377",100,"40-30",0.55,15
"378",100,"40-30",0.575,28
"379",100,"40-30",0.6,38
"380",100,"40-30",0.625,35
"381",100,"40-30",0.65,29
"382",100,"40-30",0.675,21
"383",100,"40-30",0.7,9
"384",100,"40-30",0.725,1
"385",100,"40-30",0.75,0
"386",100,"40-30",0.775,0
"387",100,"40-30",0.8,1
"388",100,"40-30",0.825,0
"389",100,"40-30",0.85,0
"390",100,"40-30",0.875,0
"391",100,"40-40",0.25,0
"392",100,"40-40",0.275,0
"393",100,"40-40",0.3,0
"394",100,"40-40",0.325,0
"395",100,"40-40",0.35,0
"396",100,"40-40",0.375,0
"397",100,"40-40",0.4,0
"398",100,"40-40",0.425,0
"399",100,"40-40",0.45,1
"400",100,"40-40",0.475,4
"401",100,"40-40",0.5,7
"402",100,"40-40",0.525,9
"403",100,"40-40",0.55,15
"404",100,"40-40",0.575,20
"405",100,"40-40",0.6,42
"406",100,"40-40",0.625,38
"407",100,"40-40",0.65,22
"408",100,"40-40",0.675,12
"409",100,"40-40",0.7,3
"410",100,"40-40",0.725,3
"411",100,"40-40",0.75,1
"412",100,"40-40",0.775,0
"413",100,"40-40",0.8,0
"414",100,"40-40",0.825,0
"415",100,"40-40",0.85,0
"416",100,"40-40",0.875,0
"417",100,"40-50",0.25,0
"418",100,"40-50",0.275,0
"419",100,"40-50",0.3,0
"420",100,"40-50",0.325,0
"421",100,"40-50",0.35,0
"422",100,"40-50",0.375,0
"423",100,"40-50",0.4,1
"424",100,"40-50",0.425,1
"425",100,"40-50",0.45,1
"426",100,"40-50",0.475,3
"427",100,"40-50",0.5,6
"428",100,"40-50",0.525,17
"429",100,"40-50",0.55,15
"430",100,"40-50",0.575,29
"431",100,"40-50",0.6,21
"432",100,"40-50",0.625,20
"433",100,"40-50",0.65,9
"434",100,"40-50",0.675,9
"435",100,"40-50",0.7,7
"436",100,"40-50",0.725,1
"437",100,"40-50",0.75,1
"438",100,"40-50",0.775,1
"439",100,"40-50",0.8,0
"440",100,"40-50",0.825,0
"441",100,"40-50",0.85,0
"442",100,"40-50",0.875,0
"443",100,"50-40",0.25,0
"444",100,"50-40",0.275,0
"445",100,"50-40",0.3,0
"446",100,"50-40",0.325,0
"447",100,"50-40",0.35,0
"448",100,"50-40",0.375,1
"449",100,"50-40",0.4,0
"450",100,"50-40",0.425,0
"451",100,"50-40",0.45,0
"452",100,"50-40",0.475,4
"453",100,"50-40",0.5,6
"454",100,"50-40",0.525,3
"455",100,"50-40",0.55,12
"456",100,"50-40",0.575,22
"457",100,"50-40",0.6,36
"458",100,"50-40",0.625,27
"459",100,"50-40",0.65,23
"460",100,"50-40",0.675,15
"461",100,"50-40",0.7,7
"462",100,"50-40",0.725,6
"463",100,"50-40",0.75,4
"464",100,"50-40",0.775,1
"465",100,"50-40",0.8,1
"466",100,"50-40",0.825,0
"467",100,"50-40",0.85,0
"468",100,"50-40",0.875,0
"469",75,"0-0",0.25,0
"470",75,"0-0",0.275,0
"471",75,"0-0",0.3,0
"472",75,"0-0",0.325,0
"473",75,"0-0",0.35,0
"474",75,"0-0",0.375,0
"475",75,"0-0",0.4,2
"476",75,"0-0",0.425,1
"477",75,"0-0",0.45,3
"478",75,"0-0",0.475,2
"479",75,"0-0",0.5,2
"480",75,"0-0",0.525,3
"481",75,"0-0",0.55,11
"482",75,"0-0",0.575,28
"483",75,"0-0",0.6,54
"484",75,"0-0",0.625,63
"485",75,"0-0",0.65,42
"486",75,"0-0",0.675,20
"487",75,"0-0",0.7,7
"488",75,"0-0",0.725,1
"489",75,"0-0",0.75,0
"490",75,"0-0",0.775,2
"491",75,"0-0",0.8,0
"492",75,"0-0",0.825,0
"493",75,"0-0",0.85,0
"494",75,"0-0",0.875,0
"495",75,"0-15",0.25,0
"496",75,"0-15",0.275,0
"497",75,"0-15",0.3,0
"498",75,"0-15",0.325,0
"499",75,"0-15",0.35,0
"500",75,"0-15",0.375,1
"501",75,"0-15",0.4,1
"502",75,"0-15",0.425,1
"503",75,"0-15",0.45,0
"504",75,"0-15",0.475,2
"505",75,"0-15",0.5,5
"506",75,"0-15",0.525,11
"507",75,"0-15",0.55,28
"508",75,"0-15",0.575,32
"509",75,"0-15",0.6,43
"510",75,"0-15",0.625,30
"511",75,"0-15",0.65,17
"512",75,"0-15",0.675,10
"513",75,"0-15",0.7,5
"514",75,"0-15",0.725,1
"515",75,"0-15",0.75,0
"516",75,"0-15",0.775,0
"517",75,"0-15",0.8,0
"518",75,"0-15",0.825,0
"519",75,"0-15",0.85,0
"520",75,"0-15",0.875,0
"521",75,"0-30",0.25,0
"522",75,"0-30",0.275,0
"523",75,"0-30",0.3,0
"524",75,"0-30",0.325,0
"525",75,"0-30",0.35,0
"526",75,"0-30",0.375,0
"527",75,"0-30",0.4,0
"528",75,"0-30",0.425,1
"529",75,"0-30",0.45,0
"530",75,"0-30",0.475,3
"531",75,"0-30",0.5,4
"532",75,"0-30",0.525,9
"533",75,"0-30",0.55,19
"534",75,"0-30",0.575,21
"535",75,"0-30",0.6,24
"536",75,"0-30",0.625,21
"537",75,"0-30",0.65,16
"538",75,"0-30",0.675,16
"539",75,"0-30",0.7,4
"540",75,"0-30",0.725,2
"541",75,"0-30",0.75,1
"542",75,"0-30",0.775,0
"543",75,"0-30",0.8,0
"544",75,"0-30",0.825,0
"545",75,"0-30",0.85,0
"546",75,"0-30",0.875,0
"547",75,"0-40",0.25,0
"548",75,"0-40",0.275,0
"549",75,"0-40",0.3,0
"550",75,"0-40",0.325,0
"551",75,"0-40",0.35,0
"552",75,"0-40",0.375,0
"553",75,"0-40",0.4,0
"554",75,"0-40",0.425,3
"555",75,"0-40",0.45,1
"556",75,"0-40",0.475,6
"557",75,"0-40",0.5,7
"558",75,"0-40",0.525,8
"559",75,"0-40",0.55,12
"560",75,"0-40",0.575,10
"561",75,"0-40",0.6,13
"562",75,"0-40",0.625,6
"563",75,"0-40",0.65,10
"564",75,"0-40",0.675,4
"565",75,"0-40",0.7,3
"566",75,"0-40",0.725,1
"567",75,"0-40",0.75,0
"568",75,"0-40",0.775,0
"569",75,"0-40",0.8,0
"570",75,"0-40",0.825,0
"571",75,"0-40",0.85,0
"572",75,"0-40",0.875,0
"573",75,"15-0",0.25,0
"574",75,"15-0",0.275,0
"575",75,"15-0",0.3,0
"576",75,"15-0",0.325,0
"577",75,"15-0",0.35,0
"578",75,"15-0",0.375,1
"579",75,"15-0",0.4,0
"580",75,"15-0",0.425,0
"581",75,"15-0",0.45,0
"582",75,"15-0",0.475,0
"583",75,"15-0",0.5,3
"584",75,"15-0",0.525,8
"585",75,"15-0",0.55,13
"586",75,"15-0",0.575,21
"587",75,"15-0",0.6,48
"588",75,"15-0",0.625,53
"589",75,"15-0",0.65,34
"590",75,"15-0",0.675,16
"591",75,"15-0",0.7,10
"592",75,"15-0",0.725,5
"593",75,"15-0",0.75,0
"594",75,"15-0",0.775,1
"595",75,"15-0",0.8,1
"596",75,"15-0",0.825,0
"597",75,"15-0",0.85,0
"598",75,"15-0",0.875,0
"599",75,"15-15",0.25,0
"600",75,"15-15",0.275,0
"601",75,"15-15",0.3,0
"602",75,"15-15",0.325,0
"603",75,"15-15",0.35,0
"604",75,"15-15",0.375,1
"605",75,"15-15",0.4,0
"606",75,"15-15",0.425,0
"607",75,"15-15",0.45,1
"608",75,"15-15",0.475,4
"609",75,"15-15",0.5,6
"610",75,"15-15",0.525,6
"611",75,"15-15",0.55,8
"612",75,"15-15",0.575,25
"613",75,"15-15",0.6,33
"614",75,"15-15",0.625,49
"615",75,"15-15",0.65,41
"616",75,"15-15",0.675,13
"617",75,"15-15",0.7,8
"618",75,"15-15",0.725,4
"619",75,"15-15",0.75,2
"620",75,"15-15",0.775,1
"621",75,"15-15",0.8,0
"622",75,"15-15",0.825,0
"623",75,"15-15",0.85,0
"624",75,"15-15",0.875,0
"625",75,"15-30",0.25,0
"626",75,"15-30",0.275,0
"627",75,"15-30",0.3,0
"628",75,"15-30",0.325,0
"629",75,"15-30",0.35,1
"630",75,"15-30",0.375,0
"631",75,"15-30",0.4,0
"632",75,"15-30",0.425,1
"633",75,"15-30",0.45,1
"634",75,"15-30",0.475,4
"635",75,"15-30",0.5,6
"636",75,"15-30",0.525,5
"637",75,"15-30",0.55,11
"638",75,"15-30",0.575,36
"639",75,"15-30",0.6,38
"640",75,"15-30",0.625,32
"641",75,"15-30",0.65,15
"642",75,"15-30",0.675,13
"643",75,"15-30",0.7,3
"644",75,"15-30",0.725,1
"645",75,"15-30",0.75,2
"646",75,"15-30",0.775,1
"647",75,"15-30",0.8,1
"648",75,"15-30",0.825,0
"649",75,"15-30",0.85,0
"650",75,"15-30",0.875,0
"651",75,"15-40",0.25,0
"652",75,"15-40",0.275,0
"653",75,"15-40",0.3,0
"654",75,"15-40",0.325,0
"655",75,"15-40",0.35,0
"656",75,"15-40",0.375,0
"657",75,"15-40",0.4,1
"658",75,"15-40",0.425,0
"659",75,"15-40",0.45,1
"660",75,"15-40",0.475,2
"661",75,"15-40",0.5,4
"662",75,"15-40",0.525,8
"663",75,"15-40",0.55,16
"664",75,"15-40",0.575,23
"665",75,"15-40",0.6,31
"666",75,"15-40",0.625,16
"667",75,"15-40",0.65,20
"668",75,"15-40",0.675,11
"669",75,"15-40",0.7,4
"670",75,"15-40",0.725,2
"671",75,"15-40",0.75,0
"672",75,"15-40",0.775,0
"673",75,"15-40",0.8,0
"674",75,"15-40",0.825,0
"675",75,"15-40",0.85,0
"676",75,"15-40",0.875,0
"677",75,"30-0",0.25,0
"678",75,"30-0",0.275,0
"679",75,"30-0",0.3,0
"680",75,"30-0",0.325,0
"681",75,"30-0",0.35,0
"682",75,"30-0",0.375,0
"683",75,"30-0",0.4,0
"684",75,"30-0",0.425,0
"685",75,"30-0",0.45,0
"686",75,"30-0",0.475,0
"687",75,"30-0",0.5,0
"688",75,"30-0",0.525,3
"689",75,"30-0",0.55,7
"690",75,"30-0",0.575,10
"691",75,"30-0",0.6,17
"692",75,"30-0",0.625,37
"693",75,"30-0",0.65,48
"694",75,"30-0",0.675,30
"695",75,"30-0",0.7,20
"696",75,"30-0",0.725,15
"697",75,"30-0",0.75,2
"698",75,"30-0",0.775,2
"699",75,"30-0",0.8,1
"700",75,"30-0",0.825,0
"701",75,"30-0",0.85,0
"702",75,"30-0",0.875,0
"703",75,"30-15",0.25,0
"704",75,"30-15",0.275,0
"705",75,"30-15",0.3,0
"706",75,"30-15",0.325,0
"707",75,"30-15",0.35,0
"708",75,"30-15",0.375,0
"709",75,"30-15",0.4,0
"710",75,"30-15",0.425,0
"711",75,"30-15",0.45,0
"712",75,"30-15",0.475,1
"713",75,"30-15",0.5,4
"714",75,"30-15",0.525,8
"715",75,"30-15",0.55,9
"716",75,"30-15",0.575,26
"717",75,"30-15",0.6,43
"718",75,"30-15",0.625,43
"719",75,"30-15",0.65,33
"720",75,"30-15",0.675,12
"721",75,"30-15",0.7,7
"722",75,"30-15",0.725,7
"723",75,"30-15",0.75,2
"724",75,"30-15",0.775,0
"725",75,"30-15",0.8,0
"726",75,"30-15",0.825,0
"727",75,"30-15",0.85,0
"728",75,"30-15",0.875,0
"729",75,"30-30",0.25,0
"730",75,"30-30",0.275,0
"731",75,"30-30",0.3,0
"732",75,"30-30",0.325,0
"733",75,"30-30",0.35,0
"734",75,"30-30",0.375,0
"735",75,"30-30",0.4,2
"736",75,"30-30",0.425,0
"737",75,"30-30",0.45,0
"738",75,"30-30",0.475,1
"739",75,"30-30",0.5,2
"740",75,"30-30",0.525,8
"741",75,"30-30",0.55,10
"742",75,"30-30",0.575,24
"743",75,"30-30",0.6,29
"744",75,"30-30",0.625,44
"745",75,"30-30",0.65,36
"746",75,"30-30",0.675,11
"747",75,"30-30",0.7,9
"748",75,"30-30",0.725,3
"749",75,"30-30",0.75,0
"750",75,"30-30",0.775,0
"751",75,"30-30",0.8,0
"752",75,"30-30",0.825,0
"753",75,"30-30",0.85,1
"754",75,"30-30",0.875,0
"755",75,"30-40",0.25,0
"756",75,"30-40",0.275,0
"757",75,"30-40",0.3,0
"758",75,"30-40",0.325,0
"759",75,"30-40",0.35,0
"760",75,"30-40",0.375,1
"761",75,"30-40",0.4,0
"762",75,"30-40",0.425,0
"763",75,"30-40",0.45,1
"764",75,"30-40",0.475,5
"765",75,"30-40",0.5,3
"766",75,"30-40",0.525,8
"767",75,"30-40",0.55,12
"768",75,"30-40",0.575,36
"769",75,"30-40",0.6,34
"770",75,"30-40",0.625,24
"771",75,"30-40",0.65,13
"772",75,"30-40",0.675,6
"773",75,"30-40",0.7,8
"774",75,"30-40",0.725,2
"775",75,"30-40",0.75,3
"776",75,"30-40",0.775,0
"777",75,"30-40",0.8,0
"778",75,"30-40",0.825,0
"779",75,"30-40",0.85,0
"780",75,"30-40",0.875,0
"781",75,"40-0",0.25,0
"782",75,"40-0",0.275,0
"783",75,"40-0",0.3,0
"784",75,"40-0",0.325,0
"785",75,"40-0",0.35,0
"786",75,"40-0",0.375,0
"787",75,"40-0",0.4,0
"788",75,"40-0",0.425,0
"789",75,"40-0",0.45,0
"790",75,"40-0",0.475,0
"791",75,"40-0",0.5,1
"792",75,"40-0",0.525,3
"793",75,"40-0",0.55,2
"794",75,"40-0",0.575,6
"795",75,"40-0",0.6,11
"796",75,"40-0",0.625,19
"797",75,"40-0",0.65,40
"798",75,"40-0",0.675,38
"799",75,"40-0",0.7,30
"800",75,"40-0",0.725,10
"801",75,"40-0",0.75,5
"802",75,"40-0",0.775,2
"803",75,"40-0",0.8,0
"804",75,"40-0",0.825,0
"805",75,"40-0",0.85,0
"806",75,"40-0",0.875,0
"807",75,"40-15",0.25,0
"808",75,"40-15",0.275,0
"809",75,"40-15",0.3,0
"810",75,"40-15",0.325,0
"811",75,"40-15",0.35,0
"812",75,"40-15",0.375,0
"813",75,"40-15",0.4,0
"814",75,"40-15",0.425,0
"815",75,"40-15",0.45,0
"816",75,"40-15",0.475,3
"817",75,"40-15",0.5,0
"818",75,"40-15",0.525,5
"819",75,"40-15",0.55,2
"820",75,"40-15",0.575,11
"821",75,"40-15",0.6,21
"822",75,"40-15",0.625,30
"823",75,"40-15",0.65,48
"824",75,"40-15",0.675,35
"825",75,"40-15",0.7,15
"826",75,"40-15",0.725,9
"827",75,"40-15",0.75,3
"828",75,"40-15",0.775,3
"829",75,"40-15",0.8,1
"830",75,"40-15",0.825,0
"831",75,"40-15",0.85,0
"832",75,"40-15",0.875,0
"833",75,"40-30",0.25,0
"834",75,"40-30",0.275,0
"835",75,"40-30",0.3,0
"836",75,"40-30",0.325,0
"837",75,"40-30",0.35,0
"838",75,"40-30",0.375,0
"839",75,"40-30",0.4,0
"840",75,"40-30",0.425,0
"841",75,"40-30",0.45,1
"842",75,"40-30",0.475,5
"843",75,"40-30",0.5,2
"844",75,"40-30",0.525,3
"845",75,"40-30",0.55,12
"846",75,"40-30",0.575,28
"847",75,"40-30",0.6,35
"848",75,"40-30",0.625,42
"849",75,"40-30",0.65,25
"850",75,"40-30",0.675,15
"851",75,"40-30",0.7,7
"852",75,"40-30",0.725,3
"853",75,"40-30",0.75,0
"854",75,"40-30",0.775,0
"855",75,"40-30",0.8,1
"856",75,"40-30",0.825,0
"857",75,"40-30",0.85,0
"858",75,"40-30",0.875,0
"859",75,"40-40",0.25,0
"860",75,"40-40",0.275,0
"861",75,"40-40",0.3,0
"862",75,"40-40",0.325,0
"863",75,"40-40",0.35,0
"864",75,"40-40",0.375,0
"865",75,"40-40",0.4,0
"866",75,"40-40",0.425,0
"867",75,"40-40",0.45,0
"868",75,"40-40",0.475,4
"869",75,"40-40",0.5,6
"870",75,"40-40",0.525,13
"871",75,"40-40",0.55,16
"872",75,"40-40",0.575,20
"873",75,"40-40",0.6,29
"874",75,"40-40",0.625,39
"875",75,"40-40",0.65,15
"876",75,"40-40",0.675,14
"877",75,"40-40",0.7,5
"878",75,"40-40",0.725,3
"879",75,"40-40",0.75,1
"880",75,"40-40",0.775,0
"881",75,"40-40",0.8,0
"882",75,"40-40",0.825,0
"883",75,"40-40",0.85,0
"884",75,"40-40",0.875,0
"885",75,"40-50",0.25,0
"886",75,"40-50",0.275,0
"887",75,"40-50",0.3,0
"888",75,"40-50",0.325,0
"889",75,"40-50",0.35,0
"890",75,"40-50",0.375,0
"891",75,"40-50",0.4,0
"892",75,"40-50",0.425,0
"893",75,"40-50",0.45,3
"894",75,"40-50",0.475,8
"895",75,"40-50",0.5,1
"896",75,"40-50",0.525,14
"897",75,"40-50",0.55,17
"898",75,"40-50",0.575,17
"899",75,"40-50",0.6,26
"900",75,"40-50",0.625,16
"901",75,"40-50",0.65,17
"902",75,"40-50",0.675,8
"903",75,"40-50",0.7,3
"904",75,"40-50",0.725,3
"905",75,"40-50",0.75,1
"906",75,"40-50",0.775,0
"907",75,"40-50",0.8,0
"908",75,"40-50",0.825,0
"909",75,"40-50",0.85,0
"910",75,"40-50",0.875,0
"911",75,"50-40",0.25,0
"912",75,"50-40",0.275,0
"913",75,"50-40",0.3,0
"914",75,"50-40",0.325,0
"915",75,"50-40",0.35,0
"916",75,"50-40",0.375,0
"917",75,"50-40",0.4,0
"918",75,"50-40",0.425,1
"919",75,"50-40",0.45,2
"920",75,"50-40",0.475,2
"921",75,"50-40",0.5,4
"922",75,"50-40",0.525,3
"923",75,"50-40",0.55,5
"924",75,"50-40",0.575,21
"925",75,"50-40",0.6,32
"926",75,"50-40",0.625,25
"927",75,"50-40",0.65,28
"928",75,"50-40",0.675,13
"929",75,"50-40",0.7,7
"930",75,"50-40",0.725,4
"931",75,"50-40",0.75,4
"932",75,"50-40",0.775,0
"933",75,"50-40",0.8,1
"934",75,"50-40",0.825,0
"935",75,"50-40",0.85,0
"936",75,"50-40",0.875,0
"937",50,"0-0",0.25,0
"938",50,"0-0",0.275,0
"939",50,"0-0",0.3,0
"940",50,"0-0",0.325,0
"941",50,"0-0",0.35,0
"942",50,"0-0",0.375,0
"943",50,"0-0",0.4,1
"944",50,"0-0",0.425,0
"945",50,"0-0",0.45,2
"946",50,"0-0",0.475,3
"947",50,"0-0",0.5,2
"948",50,"0-0",0.525,2
"949",50,"0-0",0.55,9
"950",50,"0-0",0.575,29
"951",50,"0-0",0.6,49
"952",50,"0-0",0.625,59
"953",50,"0-0",0.65,36
"954",50,"0-0",0.675,21
"955",50,"0-0",0.7,4
"956",50,"0-0",0.725,1
"957",50,"0-0",0.75,1
"958",50,"0-0",0.775,0
"959",50,"0-0",0.8,0
"960",50,"0-0",0.825,0
"961",50,"0-0",0.85,0
"962",50,"0-0",0.875,0
"963",50,"0-15",0.25,0
"964",50,"0-15",0.275,0
"965",50,"0-15",0.3,0
"966",50,"0-15",0.325,0
"967",50,"0-15",0.35,0
"968",50,"0-15",0.375,0
"969",50,"0-15",0.4,0
"970",50,"0-15",0.425,0
"971",50,"0-15",0.45,1
"972",50,"0-15",0.475,5
"973",50,"0-15",0.5,6
"974",50,"0-15",0.525,13
"975",50,"0-15",0.55,19
"976",50,"0-15",0.575,34
"977",50,"0-15",0.6,32
"978",50,"0-15",0.625,36
"979",50,"0-15",0.65,11
"980",50,"0-15",0.675,5
"981",50,"0-15",0.7,5
"982",50,"0-15",0.725,2
"983",50,"0-15",0.75,0
"984",50,"0-15",0.775,0
"985",50,"0-15",0.8,0
"986",50,"0-15",0.825,0
"987",50,"0-15",0.85,0
"988",50,"0-15",0.875,0
"989",50,"0-30",0.25,0
"990",50,"0-30",0.275,0
"991",50,"0-30",0.3,0
"992",50,"0-30",0.325,0
"993",50,"0-30",0.35,0
"994",50,"0-30",0.375,0
"995",50,"0-30",0.4,0
"996",50,"0-30",0.425,1
"997",50,"0-30",0.45,0
"998",50,"0-30",0.475,1
"999",50,"0-30",0.5,5
"1000",50,"0-30",0.525,9
"1001",50,"0-30",0.55,12
"1002",50,"0-30",0.575,12
"1003",50,"0-30",0.6,31
"1004",50,"0-30",0.625,18
"1005",50,"0-30",0.65,12
"1006",50,"0-30",0.675,14
"1007",50,"0-30",0.7,5
"1008",50,"0-30",0.725,3
"1009",50,"0-30",0.75,1
"1010",50,"0-30",0.775,0
"1011",50,"0-30",0.8,0
"1012",50,"0-30",0.825,0
"1013",50,"0-30",0.85,0
"1014",50,"0-30",0.875,0
"1015",50,"0-40",0.25,0
"1016",50,"0-40",0.275,0
"1017",50,"0-40",0.3,0
"1018",50,"0-40",0.325,0
"1019",50,"0-40",0.35,0
"1020",50,"0-40",0.375,0
"1021",50,"0-40",0.4,1
"1022",50,"0-40",0.425,1
"1023",50,"0-40",0.45,2
"1024",50,"0-40",0.475,3
"1025",50,"0-40",0.5,7
"1026",50,"0-40",0.525,8
"1027",50,"0-40",0.55,5
"1028",50,"0-40",0.575,6
"1029",50,"0-40",0.6,11
"1030",50,"0-40",0.625,8
"1031",50,"0-40",0.65,8
"1032",50,"0-40",0.675,6
"1033",50,"0-40",0.7,2
"1034",50,"0-40",0.725,0
"1035",50,"0-40",0.75,1
"1036",50,"0-40",0.775,0
"1037",50,"0-40",0.8,0
"1038",50,"0-40",0.825,0
"1039",50,"0-40",0.85,0
"1040",50,"0-40",0.875,0
"1041",50,"15-0",0.25,0
"1042",50,"15-0",0.275,0
"1043",50,"15-0",0.3,0
"1044",50,"15-0",0.325,0
"1045",50,"15-0",0.35,0
"1046",50,"15-0",0.375,0
"1047",50,"15-0",0.4,1
"1048",50,"15-0",0.425,0
"1049",50,"15-0",0.45,3
"1050",50,"15-0",0.475,1
"1051",50,"15-0",0.5,1
"1052",50,"15-0",0.525,7
"1053",50,"15-0",0.55,17
"1054",50,"15-0",0.575,19
"1055",50,"15-0",0.6,41
"1056",50,"15-0",0.625,45
"1057",50,"15-0",0.65,37
"1058",50,"15-0",0.675,12
"1059",50,"15-0",0.7,6
"1060",50,"15-0",0.725,4
"1061",50,"15-0",0.75,2
"1062",50,"15-0",0.775,1
"1063",50,"15-0",0.8,1
"1064",50,"15-0",0.825,0
"1065",50,"15-0",0.85,0
"1066",50,"15-0",0.875,0
"1067",50,"15-15",0.25,0
"1068",50,"15-15",0.275,0
"1069",50,"15-15",0.3,1
"1070",50,"15-15",0.325,0
"1071",50,"15-15",0.35,0
"1072",50,"15-15",0.375,0
"1073",50,"15-15",0.4,1
"1074",50,"15-15",0.425,0
"1075",50,"15-15",0.45,0
"1076",50,"15-15",0.475,2
"1077",50,"15-15",0.5,2
"1078",50,"15-15",0.525,3
"1079",50,"15-15",0.55,13
"1080",50,"15-15",0.575,20
"1081",50,"15-15",0.6,45
"1082",50,"15-15",0.625,38
"1083",50,"15-15",0.65,29
"1084",50,"15-15",0.675,14
"1085",50,"15-15",0.7,6
"1086",50,"15-15",0.725,7
"1087",50,"15-15",0.75,1
"1088",50,"15-15",0.775,0
"1089",50,"15-15",0.8,2
"1090",50,"15-15",0.825,0
"1091",50,"15-15",0.85,0
"1092",50,"15-15",0.875,0
"1093",50,"15-30",0.25,0
"1094",50,"15-30",0.275,0
"1095",50,"15-30",0.3,0
"1096",50,"15-30",0.325,0
"1097",50,"15-30",0.35,0
"1098",50,"15-30",0.375,0
"1099",50,"15-30",0.4,0
"1100",50,"15-30",0.425,1
"1101",50,"15-30",0.45,2
"1102",50,"15-30",0.475,1
"1103",50,"15-30",0.5,3
"1104",50,"15-30",0.525,8
"1105",50,"15-30",0.55,15
"1106",50,"15-30",0.575,24
"1107",50,"15-30",0.6,35
"1108",50,"15-30",0.625,33
"1109",50,"15-30",0.65,18
"1110",50,"15-30",0.675,4
"1111",50,"15-30",0.7,5
"1112",50,"15-30",0.725,2
"1113",50,"15-30",0.75,1
"1114",50,"15-30",0.775,0
"1115",50,"15-30",0.8,0
"1116",50,"15-30",0.825,0
"1117",50,"15-30",0.85,0
"1118",50,"15-30",0.875,0
"1119",50,"15-40",0.25,0
"1120",50,"15-40",0.275,0
"1121",50,"15-40",0.3,0
"1122",50,"15-40",0.325,0
"1123",50,"15-40",0.35,0
"1124",50,"15-40",0.375,0
"1125",50,"15-40",0.4,0
"1126",50,"15-40",0.425,0
"1127",50,"15-40",0.45,2
"1128",50,"15-40",0.475,1
"1129",50,"15-40",0.5,5
"1130",50,"15-40",0.525,9
"1131",50,"15-40",0.55,20
"1132",50,"15-40",0.575,10
"1133",50,"15-40",0.6,30
"1134",50,"15-40",0.625,17
"1135",50,"15-40",0.65,10
"1136",50,"15-40",0.675,11
"1137",50,"15-40",0.7,4
"1138",50,"15-40",0.725,3
"1139",50,"15-40",0.75,0
"1140",50,"15-40",0.775,0
"1141",50,"15-40",0.8,0
"1142",50,"15-40",0.825,0
"1143",50,"15-40",0.85,0
"1144",50,"15-40",0.875,0
"1145",50,"30-0",0.25,0
"1146",50,"30-0",0.275,0
"1147",50,"30-0",0.3,0
"1148",50,"30-0",0.325,0
"1149",50,"30-0",0.35,0
"1150",50,"30-0",0.375,0
"1151",50,"30-0",0.4,0
"1152",50,"30-0",0.425,0
"1153",50,"30-0",0.45,0
"1154",50,"30-0",0.475,1
"1155",50,"30-0",0.5,0
"1156",50,"30-0",0.525,3
"1157",50,"30-0",0.55,9
"1158",50,"30-0",0.575,7
"1159",50,"30-0",0.6,19
"1160",50,"30-0",0.625,37
"1161",50,"30-0",0.65,35
"1162",50,"30-0",0.675,30
"1163",50,"30-0",0.7,18
"1164",50,"30-0",0.725,11
"1165",50,"30-0",0.75,7
"1166",50,"30-0",0.775,0
"1167",50,"30-0",0.8,0
"1168",50,"30-0",0.825,0
"1169",50,"30-0",0.85,0
"1170",50,"30-0",0.875,0
"1171",50,"30-15",0.25,0
"1172",50,"30-15",0.275,0
"1173",50,"30-15",0.3,0
"1174",50,"30-15",0.325,0
"1175",50,"30-15",0.35,0
"1176",50,"30-15",0.375,0
"1177",50,"30-15",0.4,0
"1178",50,"30-15",0.425,0
"1179",50,"30-15",0.45,0
"1180",50,"30-15",0.475,3
"1181",50,"30-15",0.5,2
"1182",50,"30-15",0.525,6
"1183",50,"30-15",0.55,7
"1184",50,"30-15",0.575,21
"1185",50,"30-15",0.6,43
"1186",50,"30-15",0.625,38
"1187",50,"30-15",0.65,32
"1188",50,"30-15",0.675,12
"1189",50,"30-15",0.7,8
"1190",50,"30-15",0.725,5
"1191",50,"30-15",0.75,1
"1192",50,"30-15",0.775,1
"1193",50,"30-15",0.8,0
"1194",50,"30-15",0.825,0
"1195",50,"30-15",0.85,0
"1196",50,"30-15",0.875,0
"1197",50,"30-30",0.25,0
"1198",50,"30-30",0.275,0
"1199",50,"30-30",0.3,0
"1200",50,"30-30",0.325,0
"1201",50,"30-30",0.35,0
"1202",50,"30-30",0.375,0
"1203",50,"30-30",0.4,0
"1204",50,"30-30",0.425,0
"1205",50,"30-30",0.45,0
"1206",50,"30-30",0.475,1
"1207",50,"30-30",0.5,3
"1208",50,"30-30",0.525,7
"1209",50,"30-30",0.55,7
"1210",50,"30-30",0.575,23
"1211",50,"30-30",0.6,28
"1212",50,"30-30",0.625,34
"1213",50,"30-30",0.65,29
"1214",50,"30-30",0.675,17
"1215",50,"30-30",0.7,10
"1216",50,"30-30",0.725,2
"1217",50,"30-30",0.75,1
"1218",50,"30-30",0.775,0
"1219",50,"30-30",0.8,0
"1220",50,"30-30",0.825,0
"1221",50,"30-30",0.85,0
"1222",50,"30-30",0.875,0
"1223",50,"30-40",0.25,0
"1224",50,"30-40",0.275,0
"1225",50,"30-40",0.3,0
"1226",50,"30-40",0.325,0
"1227",50,"30-40",0.35,0
"1228",50,"30-40",0.375,0
"1229",50,"30-40",0.4,0
"1230",50,"30-40",0.425,0
"1231",50,"30-40",0.45,2
"1232",50,"30-40",0.475,4
"1233",50,"30-40",0.5,3
"1234",50,"30-40",0.525,8
"1235",50,"30-40",0.55,20
"1236",50,"30-40",0.575,24
"1237",50,"30-40",0.6,29
"1238",50,"30-40",0.625,22
"1239",50,"30-40",0.65,6
"1240",50,"30-40",0.675,11
"1241",50,"30-40",0.7,7
"1242",50,"30-40",0.725,1
"1243",50,"30-40",0.75,1
"1244",50,"30-40",0.775,1
"1245",50,"30-40",0.8,0
"1246",50,"30-40",0.825,0
"1247",50,"30-40",0.85,0
"1248",50,"30-40",0.875,0
"1249",50,"40-0",0.25,0
"1250",50,"40-0",0.275,0
"1251",50,"40-0",0.3,0
"1252",50,"40-0",0.325,0
"1253",50,"40-0",0.35,0
"1254",50,"40-0",0.375,0
"1255",50,"40-0",0.4,0
"1256",50,"40-0",0.425,0
"1257",50,"40-0",0.45,0
"1258",50,"40-0",0.475,0
"1259",50,"40-0",0.5,1
"1260",50,"40-0",0.525,3
"1261",50,"40-0",0.55,1
"1262",50,"40-0",0.575,7
"1263",50,"40-0",0.6,12
"1264",50,"40-0",0.625,19
"1265",50,"40-0",0.65,27
"1266",50,"40-0",0.675,30
"1267",50,"40-0",0.7,31
"1268",50,"40-0",0.725,13
"1269",50,"40-0",0.75,1
"1270",50,"40-0",0.775,5
"1271",50,"40-0",0.8,0
"1272",50,"40-0",0.825,1
"1273",50,"40-0",0.85,0
"1274",50,"40-0",0.875,0
"1275",50,"40-15",0.25,0
"1276",50,"40-15",0.275,0
"1277",50,"40-15",0.3,0
"1278",50,"40-15",0.325,0
"1279",50,"40-15",0.35,0
"1280",50,"40-15",0.375,0
"1281",50,"40-15",0.4,0
"1282",50,"40-15",0.425,1
"1283",50,"40-15",0.45,0
"1284",50,"40-15",0.475,2
"1285",50,"40-15",0.5,2
"1286",50,"40-15",0.525,2
"1287",50,"40-15",0.55,4
"1288",50,"40-15",0.575,10
"1289",50,"40-15",0.6,14
"1290",50,"40-15",0.625,26
"1291",50,"40-15",0.65,36
"1292",50,"40-15",0.675,33
"1293",50,"40-15",0.7,23
"1294",50,"40-15",0.725,8
"1295",50,"40-15",0.75,2
"1296",50,"40-15",0.775,2
"1297",50,"40-15",0.8,1
"1298",50,"40-15",0.825,1
"1299",50,"40-15",0.85,0
"1300",50,"40-15",0.875,0
"1301",50,"40-30",0.25,0
"1302",50,"40-30",0.275,0
"1303",50,"40-30",0.3,0
"1304",50,"40-30",0.325,0
"1305",50,"40-30",0.35,0
"1306",50,"40-30",0.375,0
"1307",50,"40-30",0.4,0
"1308",50,"40-30",0.425,0
"1309",50,"40-30",0.45,0
"1310",50,"40-30",0.475,4
"1311",50,"40-30",0.5,2
"1312",50,"40-30",0.525,4
"1313",50,"40-30",0.55,15
"1314",50,"40-30",0.575,21
"1315",50,"40-30",0.6,36
"1316",50,"40-30",0.625,29
"1317",50,"40-30",0.65,27
"1318",50,"40-30",0.675,12
"1319",50,"40-30",0.7,8
"1320",50,"40-30",0.725,2
"1321",50,"40-30",0.75,0
"1322",50,"40-30",0.775,0
"1323",50,"40-30",0.8,0
"1324",50,"40-30",0.825,1
"1325",50,"40-30",0.85,0
"1326",50,"40-30",0.875,0
"1327",50,"40-40",0.25,0
"1328",50,"40-40",0.275,0
"1329",50,"40-40",0.3,0
"1330",50,"40-40",0.325,0
"1331",50,"40-40",0.35,0
"1332",50,"40-40",0.375,0
"1333",50,"40-40",0.4,0
"1334",50,"40-40",0.425,0
"1335",50,"40-40",0.45,1
"1336",50,"40-40",0.475,3
"1337",50,"40-40",0.5,4
"1338",50,"40-40",0.525,9
"1339",50,"40-40",0.55,14
"1340",50,"40-40",0.575,19
"1341",50,"40-40",0.6,33
"1342",50,"40-40",0.625,28
"1343",50,"40-40",0.65,12
"1344",50,"40-40",0.675,11
"1345",50,"40-40",0.7,5
"1346",50,"40-40",0.725,5
"1347",50,"40-40",0.75,2
"1348",50,"40-40",0.775,0
"1349",50,"40-40",0.8,0
"1350",50,"40-40",0.825,0
"1351",50,"40-40",0.85,0
"1352",50,"40-40",0.875,0
"1353",50,"40-50",0.25,0
"1354",50,"40-50",0.275,0
"1355",50,"40-50",0.3,0
"1356",50,"40-50",0.325,0
"1357",50,"40-50",0.35,0
"1358",50,"40-50",0.375,1
"1359",50,"40-50",0.4,3
"1360",50,"40-50",0.425,0
"1361",50,"40-50",0.45,2
"1362",50,"40-50",0.475,3
"1363",50,"40-50",0.5,6
"1364",50,"40-50",0.525,7
"1365",50,"40-50",0.55,13
"1366",50,"40-50",0.575,13
"1367",50,"40-50",0.6,22
"1368",50,"40-50",0.625,18
"1369",50,"40-50",0.65,12
"1370",50,"40-50",0.675,7
"1371",50,"40-50",0.7,2
"1372",50,"40-50",0.725,3
"1373",50,"40-50",0.75,1
"1374",50,"40-50",0.775,0
"1375",50,"40-50",0.8,0
"1376",50,"40-50",0.825,0
"1377",50,"40-50",0.85,0
"1378",50,"40-50",0.875,0
"1379",50,"50-40",0.25,0
"1380",50,"50-40",0.275,0
"1381",50,"50-40",0.3,0
"1382",50,"50-40",0.325,0
"1383",50,"50-40",0.35,0
"1384",50,"50-40",0.375,0
"1385",50,"50-40",0.4,0
"1386",50,"50-40",0.425,0
"1387",50,"50-40",0.45,1
"1388",50,"50-40",0.475,1
"1389",50,"50-40",0.5,1
"1390",50,"50-40",0.525,6
"1391",50,"50-40",0.55,13
"1392",50,"50-40",0.575,15
"1393",50,"50-40",0.6,28
"1394",50,"50-40",0.625,21
"1395",50,"50-40",0.65,24
"1396",50,"50-40",0.675,6
"1397",50,"50-40",0.7,8
"1398",50,"50-40",0.725,5
"1399",50,"50-40",0.75,3
"1400",50,"50-40",0.775,2
"1401",50,"50-40",0.8,0
"1402",50,"50-40",0.825,0
"1403",50,"50-40",0.85,0
"1404",50,"50-40",0.875,0
"1405",40,"0-0",0.25,0
"1406",40,"0-0",0.275,0
"1407",40,"0-0",0.3,0
"1408",40,"0-0",0.325,0
"1409",40,"0-0",0.35,0
"1410",40,"0-0",0.375,0
"1411",40,"0-0",0.4,1
"1412",40,"0-0",0.425,0
"1413",40,"0-0",0.45,1
"1414",40,"0-0",0.475,1
"1415",40,"0-0",0.5,1
"1416",40,"0-0",0.525,0
"1417",40,"0-0",0.55,13
"1418",40,"0-0",0.575,24
"1419",40,"0-0",0.6,42
"1420",40,"0-0",0.625,62
"1421",40,"0-0",0.65,34
"1422",40,"0-0",0.675,18
"1423",40,"0-0",0.7,8
"1424",40,"0-0",0.725,1
"1425",40,"0-0",0.75,1
"1426",40,"0-0",0.775,0
"1427",40,"0-0",0.8,0
"1428",40,"0-0",0.825,0
"1429",40,"0-0",0.85,0
"1430",40,"0-0",0.875,0
"1431",40,"0-15",0.25,0
"1432",40,"0-15",0.275,0
"1433",40,"0-15",0.3,0
"1434",40,"0-15",0.325,0
"1435",40,"0-15",0.35,0
"1436",40,"0-15",0.375,0
"1437",40,"0-15",0.4,0
"1438",40,"0-15",0.425,0
"1439",40,"0-15",0.45,1
"1440",40,"0-15",0.475,5
"1441",40,"0-15",0.5,6
"1442",40,"0-15",0.525,11
"1443",40,"0-15",0.55,17
"1444",40,"0-15",0.575,29
"1445",40,"0-15",0.6,28
"1446",40,"0-15",0.625,33
"1447",40,"0-15",0.65,14
"1448",40,"0-15",0.675,9
"1449",40,"0-15",0.7,0
"1450",40,"0-15",0.725,3
"1451",40,"0-15",0.75,0
"1452",40,"0-15",0.775,0
"1453",40,"0-15",0.8,0
"1454",40,"0-15",0.825,0
"1455",40,"0-15",0.85,0
"1456",40,"0-15",0.875,0
"1457",40,"0-30",0.25,0
"1458",40,"0-30",0.275,0
"1459",40,"0-30",0.3,0
"1460",40,"0-30",0.325,0
"1461",40,"0-30",0.35,0
"1462",40,"0-30",0.375,0
"1463",40,"0-30",0.4,0
"1464",40,"0-30",0.425,1
"1465",40,"0-30",0.45,1
"1466",40,"0-30",0.475,5
"1467",40,"0-30",0.5,3
"1468",40,"0-30",0.525,6
"1469",40,"0-30",0.55,16
"1470",40,"0-30",0.575,15
"1471",40,"0-30",0.6,20
"1472",40,"0-30",0.625,14
"1473",40,"0-30",0.65,10
"1474",40,"0-30",0.675,11
"1475",40,"0-30",0.7,6
"1476",40,"0-30",0.725,5
"1477",40,"0-30",0.75,1
"1478",40,"0-30",0.775,0
"1479",40,"0-30",0.8,0
"1480",40,"0-30",0.825,0
"1481",40,"0-30",0.85,0
"1482",40,"0-30",0.875,0
"1483",40,"0-40",0.25,0
"1484",40,"0-40",0.275,0
"1485",40,"0-40",0.3,0
"1486",40,"0-40",0.325,0
"1487",40,"0-40",0.35,0
"1488",40,"0-40",0.375,0
"1489",40,"0-40",0.4,0
"1490",40,"0-40",0.425,0
"1491",40,"0-40",0.45,2
"1492",40,"0-40",0.475,4
"1493",40,"0-40",0.5,8
"1494",40,"0-40",0.525,4
"1495",40,"0-40",0.55,5
"1496",40,"0-40",0.575,5
"1497",40,"0-40",0.6,5
"1498",40,"0-40",0.625,7
"1499",40,"0-40",0.65,9
"1500",40,"0-40",0.675,6
"1501",40,"0-40",0.7,0
"1502",40,"0-40",0.725,0
"1503",40,"0-40",0.75,0
"1504",40,"0-40",0.775,0
"1505",40,"0-40",0.8,1
"1506",40,"0-40",0.825,0
"1507",40,"0-40",0.85,0
"1508",40,"0-40",0.875,0
"1509",40,"15-0",0.25,0
"1510",40,"15-0",0.275,0
"1511",40,"15-0",0.3,0
"1512",40,"15-0",0.325,0
"1513",40,"15-0",0.35,0
"1514",40,"15-0",0.375,0
"1515",40,"15-0",0.4,0
"1516",40,"15-0",0.425,0
"1517",40,"15-0",0.45,2
"1518",40,"15-0",0.475,2
"1519",40,"15-0",0.5,1
"1520",40,"15-0",0.525,6
"1521",40,"15-0",0.55,16
"1522",40,"15-0",0.575,15
"1523",40,"15-0",0.6,38
"1524",40,"15-0",0.625,39
"1525",40,"15-0",0.65,36
"1526",40,"15-0",0.675,14
"1527",40,"15-0",0.7,6
"1528",40,"15-0",0.725,4
"1529",40,"15-0",0.75,2
"1530",40,"15-0",0.775,1
"1531",40,"15-0",0.8,0
"1532",40,"15-0",0.825,0
"1533",40,"15-0",0.85,0
"1534",40,"15-0",0.875,0
"1535",40,"15-15",0.25,0
"1536",40,"15-15",0.275,0
"1537",40,"15-15",0.3,0
"1538",40,"15-15",0.325,1
"1539",40,"15-15",0.35,1
"1540",40,"15-15",0.375,0
"1541",40,"15-15",0.4,0
"1542",40,"15-15",0.425,0
"1543",40,"15-15",0.45,0
"1544",40,"15-15",0.475,2
"1545",40,"15-15",0.5,1
"1546",40,"15-15",0.525,4
"1547",40,"15-15",0.55,13
"1548",40,"15-15",0.575,15
"1549",40,"15-15",0.6,44
"1550",40,"15-15",0.625,26
"1551",40,"15-15",0.65,31
"1552",40,"15-15",0.675,16
"1553",40,"15-15",0.7,4
"1554",40,"15-15",0.725,8
"1555",40,"15-15",0.75,2
"1556",40,"15-15",0.775,0
"1557",40,"15-15",0.8,1
"1558",40,"15-15",0.825,0
"1559",40,"15-15",0.85,0
"1560",40,"15-15",0.875,0
"1561",40,"15-30",0.25,0
"1562",40,"15-30",0.275,0
"1563",40,"15-30",0.3,0
"1564",40,"15-30",0.325,0
"1565",40,"15-30",0.35,0
"1566",40,"15-30",0.375,0
"1567",40,"15-30",0.4,1
"1568",40,"15-30",0.425,1
"1569",40,"15-30",0.45,0
"1570",40,"15-30",0.475,2
"1571",40,"15-30",0.5,3
"1572",40,"15-30",0.525,12
"1573",40,"15-30",0.55,13
"1574",40,"15-30",0.575,20
"1575",40,"15-30",0.6,31
"1576",40,"15-30",0.625,26
"1577",40,"15-30",0.65,21
"1578",40,"15-30",0.675,5
"1579",40,"15-30",0.7,3
"1580",40,"15-30",0.725,2
"1581",40,"15-30",0.75,3
"1582",40,"15-30",0.775,0
"1583",40,"15-30",0.8,0
"1584",40,"15-30",0.825,0
"1585",40,"15-30",0.85,0
"1586",40,"15-30",0.875,0
"1587",40,"15-40",0.25,0
"1588",40,"15-40",0.275,0
"1589",40,"15-40",0.3,0
"1590",40,"15-40",0.325,0
"1591",40,"15-40",0.35,0
"1592",40,"15-40",0.375,0
"1593",40,"15-40",0.4,0
"1594",40,"15-40",0.425,1
"1595",40,"15-40",0.45,1
"1596",40,"15-40",0.475,2
"1597",40,"15-40",0.5,3
"1598",40,"15-40",0.525,7
"1599",40,"15-40",0.55,14
"1600",40,"15-40",0.575,18
"1601",40,"15-40",0.6,16
"1602",40,"15-40",0.625,19
"1603",40,"15-40",0.65,10
"1604",40,"15-40",0.675,8
"1605",40,"15-40",0.7,6
"1606",40,"15-40",0.725,4
"1607",40,"15-40",0.75,0
"1608",40,"15-40",0.775,0
"1609",40,"15-40",0.8,0
"1610",40,"15-40",0.825,0
"1611",40,"15-40",0.85,0
"1612",40,"15-40",0.875,0
"1613",40,"30-0",0.25,0
"1614",40,"30-0",0.275,0
"1615",40,"30-0",0.3,0
"1616",40,"30-0",0.325,0
"1617",40,"30-0",0.35,0
"1618",40,"30-0",0.375,0
"1619",40,"30-0",0.4,0
"1620",40,"30-0",0.425,0
"1621",40,"30-0",0.45,0
"1622",40,"30-0",0.475,1
"1623",40,"30-0",0.5,2
"1624",40,"30-0",0.525,6
"1625",40,"30-0",0.55,2
"1626",40,"30-0",0.575,11
"1627",40,"30-0",0.6,17
"1628",40,"30-0",0.625,29
"1629",40,"30-0",0.65,38
"1630",40,"30-0",0.675,24
"1631",40,"30-0",0.7,19
"1632",40,"30-0",0.725,8
"1633",40,"30-0",0.75,6
"1634",40,"30-0",0.775,1
"1635",40,"30-0",0.8,0
"1636",40,"30-0",0.825,0
"1637",40,"30-0",0.85,0
"1638",40,"30-0",0.875,0
"1639",40,"30-15",0.25,0
"1640",40,"30-15",0.275,0
"1641",40,"30-15",0.3,0
"1642",40,"30-15",0.325,0
"1643",40,"30-15",0.35,0
"1644",40,"30-15",0.375,0
"1645",40,"30-15",0.4,0
"1646",40,"30-15",0.425,0
"1647",40,"30-15",0.45,0
"1648",40,"30-15",0.475,1
"1649",40,"30-15",0.5,3
"1650",40,"30-15",0.525,4
"1651",40,"30-15",0.55,15
"1652",40,"30-15",0.575,21
"1653",40,"30-15",0.6,36
"1654",40,"30-15",0.625,34
"1655",40,"30-15",0.65,25
"1656",40,"30-15",0.675,11
"1657",40,"30-15",0.7,9
"1658",40,"30-15",0.725,3
"1659",40,"30-15",0.75,1
"1660",40,"30-15",0.775,1
"1661",40,"30-15",0.8,0
"1662",40,"30-15",0.825,0
"1663",40,"30-15",0.85,0
"1664",40,"30-15",0.875,0
"1665",40,"30-30",0.25,0
"1666",40,"30-30",0.275,0
"1667",40,"30-30",0.3,0
"1668",40,"30-30",0.325,0
"1669",40,"30-30",0.35,0
"1670",40,"30-30",0.375,0
"1671",40,"30-30",0.4,0
"1672",40,"30-30",0.425,0
"1673",40,"30-30",0.45,1
"1674",40,"30-30",0.475,0
"1675",40,"30-30",0.5,2
"1676",40,"30-30",0.525,7
"1677",40,"30-30",0.55,7
"1678",40,"30-30",0.575,23
"1679",40,"30-30",0.6,24
"1680",40,"30-30",0.625,32
"1681",40,"30-30",0.65,28
"1682",40,"30-30",0.675,12
"1683",40,"30-30",0.7,7
"1684",40,"30-30",0.725,3
"1685",40,"30-30",0.75,2
"1686",40,"30-30",0.775,0
"1687",40,"30-30",0.8,0
"1688",40,"30-30",0.825,0
"1689",40,"30-30",0.85,0
"1690",40,"30-30",0.875,0
"1691",40,"30-40",0.25,0
"1692",40,"30-40",0.275,0
"1693",40,"30-40",0.3,0
"1694",40,"30-40",0.325,0
"1695",40,"30-40",0.35,0
"1696",40,"30-40",0.375,0
"1697",40,"30-40",0.4,0
"1698",40,"30-40",0.425,0
"1699",40,"30-40",0.45,2
"1700",40,"30-40",0.475,6
"1701",40,"30-40",0.5,5
"1702",40,"30-40",0.525,6
"1703",40,"30-40",0.55,17
"1704",40,"30-40",0.575,19
"1705",40,"30-40",0.6,24
"1706",40,"30-40",0.625,21
"1707",40,"30-40",0.65,8
"1708",40,"30-40",0.675,13
"1709",40,"30-40",0.7,6
"1710",40,"30-40",0.725,3
"1711",40,"30-40",0.75,0
"1712",40,"30-40",0.775,1
"1713",40,"30-40",0.8,0
"1714",40,"30-40",0.825,0
"1715",40,"30-40",0.85,0
"1716",40,"30-40",0.875,0
"1717",40,"40-0",0.25,0
"1718",40,"40-0",0.275,0
"1719",40,"40-0",0.3,0
"1720",40,"40-0",0.325,0
"1721",40,"40-0",0.35,0
"1722",40,"40-0",0.375,0
"1723",40,"40-0",0.4,0
"1724",40,"40-0",0.425,0
"1725",40,"40-0",0.45,0
"1726",40,"40-0",0.475,0
"1727",40,"40-0",0.5,2
"1728",40,"40-0",0.525,1
"1729",40,"40-0",0.55,2
"1730",40,"40-0",0.575,4
"1731",40,"40-0",0.6,11
"1732",40,"40-0",0.625,20
"1733",40,"40-0",0.65,24
"1734",40,"40-0",0.675,30
"1735",40,"40-0",0.7,28
"1736",40,"40-0",0.725,11
"1737",40,"40-0",0.75,1
"1738",40,"40-0",0.775,2
"1739",40,"40-0",0.8,1
"1740",40,"40-0",0.825,0
"1741",40,"40-0",0.85,0
"1742",40,"40-0",0.875,0
"1743",40,"40-15",0.25,0
"1744",40,"40-15",0.275,0
"1745",40,"40-15",0.3,0
"1746",40,"40-15",0.325,0
"1747",40,"40-15",0.35,0
"1748",40,"40-15",0.375,1
"1749",40,"40-15",0.4,0
"1750",40,"40-15",0.425,0
"1751",40,"40-15",0.45,1
"1752",40,"40-15",0.475,2
"1753",40,"40-15",0.5,2
"1754",40,"40-15",0.525,0
"1755",40,"40-15",0.55,4
"1756",40,"40-15",0.575,4
"1757",40,"40-15",0.6,18
"1758",40,"40-15",0.625,26
"1759",40,"40-15",0.65,32
"1760",40,"40-15",0.675,34
"1761",40,"40-15",0.7,15
"1762",40,"40-15",0.725,12
"1763",40,"40-15",0.75,1
"1764",40,"40-15",0.775,3
"1765",40,"40-15",0.8,0
"1766",40,"40-15",0.825,0
"1767",40,"40-15",0.85,0
"1768",40,"40-15",0.875,0
"1769",40,"40-30",0.25,0
"1770",40,"40-30",0.275,0
"1771",40,"40-30",0.3,0
"1772",40,"40-30",0.325,0
"1773",40,"40-30",0.35,0
"1774",40,"40-30",0.375,0
"1775",40,"40-30",0.4,0
"1776",40,"40-30",0.425,0
"1777",40,"40-30",0.45,1
"1778",40,"40-30",0.475,3
"1779",40,"40-30",0.5,1
"1780",40,"40-30",0.525,4
"1781",40,"40-30",0.55,11
"1782",40,"40-30",0.575,26
"1783",40,"40-30",0.6,26
"1784",40,"40-30",0.625,36
"1785",40,"40-30",0.65,24
"1786",40,"40-30",0.675,9
"1787",40,"40-30",0.7,6
"1788",40,"40-30",0.725,1
"1789",40,"40-30",0.75,1
"1790",40,"40-30",0.775,0
"1791",40,"40-30",0.8,0
"1792",40,"40-30",0.825,0
"1793",40,"40-30",0.85,0
"1794",40,"40-30",0.875,0
"1795",40,"40-40",0.25,0
"1796",40,"40-40",0.275,0
"1797",40,"40-40",0.3,0
"1798",40,"40-40",0.325,0
"1799",40,"40-40",0.35,0
"1800",40,"40-40",0.375,0
"1801",40,"40-40",0.4,0
"1802",40,"40-40",0.425,0
"1803",40,"40-40",0.45,0
"1804",40,"40-40",0.475,3
"1805",40,"40-40",0.5,5
"1806",40,"40-40",0.525,12
"1807",40,"40-40",0.55,10
"1808",40,"40-40",0.575,17
"1809",40,"40-40",0.6,30
"1810",40,"40-40",0.625,26
"1811",40,"40-40",0.65,11
"1812",40,"40-40",0.675,14
"1813",40,"40-40",0.7,6
"1814",40,"40-40",0.725,3
"1815",40,"40-40",0.75,0
"1816",40,"40-40",0.775,0
"1817",40,"40-40",0.8,0
"1818",40,"40-40",0.825,1
"1819",40,"40-40",0.85,0
"1820",40,"40-40",0.875,0
"1821",40,"40-50",0.25,0
"1822",40,"40-50",0.275,0
"1823",40,"40-50",0.3,0
"1824",40,"40-50",0.325,0
"1825",40,"40-50",0.35,0
"1826",40,"40-50",0.375,1
"1827",40,"40-50",0.4,1
"1828",40,"40-50",0.425,0
"1829",40,"40-50",0.45,3
"1830",40,"40-50",0.475,1
"1831",40,"40-50",0.5,2
"1832",40,"40-50",0.525,9
"1833",40,"40-50",0.55,16
"1834",40,"40-50",0.575,14
"1835",40,"40-50",0.6,14
"1836",40,"40-50",0.625,15
"1837",40,"40-50",0.65,11
"1838",40,"40-50",0.675,7
"1839",40,"40-50",0.7,0
"1840",40,"40-50",0.725,2
"1841",40,"40-50",0.75,2
"1842",40,"40-50",0.775,0
"1843",40,"40-50",0.8,0
"1844",40,"40-50",0.825,0
"1845",40,"40-50",0.85,0
"1846",40,"40-50",0.875,0
"1847",40,"50-40",0.25,0
"1848",40,"50-40",0.275,0
"1849",40,"50-40",0.3,0
"1850",40,"50-40",0.325,0
"1851",40,"50-40",0.35,0
"1852",40,"50-40",0.375,0
"1853",40,"50-40",0.4,0
"1854",40,"50-40",0.425,1
"1855",40,"50-40",0.45,1
"1856",40,"50-40",0.475,2
"1857",40,"50-40",0.5,1
"1858",40,"50-40",0.525,4
"1859",40,"50-40",0.55,13
"1860",40,"50-40",0.575,13
"1861",40,"50-40",0.6,23
"1862",40,"50-40",0.625,22
"1863",40,"50-40",0.65,20
"1864",40,"50-40",0.675,12
"1865",40,"50-40",0.7,7
"1866",40,"50-40",0.725,4
"1867",40,"50-40",0.75,3
"1868",40,"50-40",0.775,3
"1869",40,"50-40",0.8,0
"1870",40,"50-40",0.825,0
"1871",40,"50-40",0.85,0
"1872",40,"50-40",0.875,0
"1873",30,"0-0",0.25,0
"1874",30,"0-0",0.275,0
"1875",30,"0-0",0.3,0
"1876",30,"0-0",0.325,0
"1877",30,"0-0",0.35,0
"1878",30,"0-0",0.375,0
"1879",30,"0-0",0.4,1
"1880",30,"0-0",0.425,0
"1881",30,"0-0",0.45,0
"1882",30,"0-0",0.475,0
"1883",30,"0-0",0.5,2
"1884",30,"0-0",0.525,2
"1885",30,"0-0",0.55,8
"1886",30,"0-0",0.575,26
"1887",30,"0-0",0.6,36
"1888",30,"0-0",0.625,49
"1889",30,"0-0",0.65,34
"1890",30,"0-0",0.675,21
"1891",30,"0-0",0.7,7
"1892",30,"0-0",0.725,0
"1893",30,"0-0",0.75,1
"1894",30,"0-0",0.775,1
"1895",30,"0-0",0.8,0
"1896",30,"0-0",0.825,0
"1897",30,"0-0",0.85,0
"1898",30,"0-0",0.875,0
"1899",30,"0-15",0.25,0
"1900",30,"0-15",0.275,0
"1901",30,"0-15",0.3,0
"1902",30,"0-15",0.325,0
"1903",30,"0-15",0.35,0
"1904",30,"0-15",0.375,0
"1905",30,"0-15",0.4,0
"1906",30,"0-15",0.425,2
"1907",30,"0-15",0.45,1
"1908",30,"0-15",0.475,5
"1909",30,"0-15",0.5,6
"1910",30,"0-15",0.525,5
"1911",30,"0-15",0.55,19
"1912",30,"0-15",0.575,27
"1913",30,"0-15",0.6,28
"1914",30,"0-15",0.625,33
"1915",30,"0-15",0.65,8
"1916",30,"0-15",0.675,8
"1917",30,"0-15",0.7,1
"1918",30,"0-15",0.725,1
"1919",30,"0-15",0.75,1
"1920",30,"0-15",0.775,1
"1921",30,"0-15",0.8,0
"1922",30,"0-15",0.825,0
"1923",30,"0-15",0.85,0
"1924",30,"0-15",0.875,0
"1925",30,"0-30",0.25,0
"1926",30,"0-30",0.275,0
"1927",30,"0-30",0.3,0
"1928",30,"0-30",0.325,0
"1929",30,"0-30",0.35,0
"1930",30,"0-30",0.375,0
"1931",30,"0-30",0.4,1
"1932",30,"0-30",0.425,0
"1933",30,"0-30",0.45,2
"1934",30,"0-30",0.475,4
"1935",30,"0-30",0.5,6
"1936",30,"0-30",0.525,3
"1937",30,"0-30",0.55,9
"1938",30,"0-30",0.575,11
"1939",30,"0-30",0.6,16
"1940",30,"0-30",0.625,18
"1941",30,"0-30",0.65,7
"1942",30,"0-30",0.675,13
"1943",30,"0-30",0.7,6
"1944",30,"0-30",0.725,3
"1945",30,"0-30",0.75,2
"1946",30,"0-30",0.775,3
"1947",30,"0-30",0.8,0
"1948",30,"0-30",0.825,0
"1949",30,"0-30",0.85,0
"1950",30,"0-30",0.875,0
"1951",30,"0-40",0.25,0
"1952",30,"0-40",0.275,0
"1953",30,"0-40",0.3,0
"1954",30,"0-40",0.325,0
"1955",30,"0-40",0.35,1
"1956",30,"0-40",0.375,0
"1957",30,"0-40",0.4,0
"1958",30,"0-40",0.425,1
"1959",30,"0-40",0.45,2
"1960",30,"0-40",0.475,3
"1961",30,"0-40",0.5,5
"1962",30,"0-40",0.525,3
"1963",30,"0-40",0.55,2
"1964",30,"0-40",0.575,2
"1965",30,"0-40",0.6,6
"1966",30,"0-40",0.625,6
"1967",30,"0-40",0.65,5
"1968",30,"0-40",0.675,1
"1969",30,"0-40",0.7,2
"1970",30,"0-40",0.725,2
"1971",30,"0-40",0.75,0
"1972",30,"0-40",0.775,0
"1973",30,"0-40",0.8,0
"1974",30,"0-40",0.825,1
"1975",30,"0-40",0.85,0
"1976",30,"0-40",0.875,0
"1977",30,"15-0",0.25,0
"1978",30,"15-0",0.275,0
"1979",30,"15-0",0.3,0
"1980",30,"15-0",0.325,0
"1981",30,"15-0",0.35,0
"1982",30,"15-0",0.375,0
"1983",30,"15-0",0.4,0
"1984",30,"15-0",0.425,0
"1985",30,"15-0",0.45,0
"1986",30,"15-0",0.475,1
"1987",30,"15-0",0.5,2
"1988",30,"15-0",0.525,4
"1989",30,"15-0",0.55,10
"1990",30,"15-0",0.575,18
"1991",30,"15-0",0.6,33
"1992",30,"15-0",0.625,46
"1993",30,"15-0",0.65,23
"1994",30,"15-0",0.675,16
"1995",30,"15-0",0.7,8
"1996",30,"15-0",0.725,3
"1997",30,"15-0",0.75,2
"1998",30,"15-0",0.775,0
"1999",30,"15-0",0.8,0
"2000",30,"15-0",0.825,0
"2001",30,"15-0",0.85,0
"2002",30,"15-0",0.875,0
"2003",30,"15-15",0.25,0
"2004",30,"15-15",0.275,0
"2005",30,"15-15",0.3,0
"2006",30,"15-15",0.325,0
"2007",30,"15-15",0.35,1
"2008",30,"15-15",0.375,0
"2009",30,"15-15",0.4,0
"2010",30,"15-15",0.425,0
"2011",30,"15-15",0.45,0
"2012",30,"15-15",0.475,2
"2013",30,"15-15",0.5,1
"2014",30,"15-15",0.525,5
"2015",30,"15-15",0.55,9
"2016",30,"15-15",0.575,22
"2017",30,"15-15",0.6,33
"2018",30,"15-15",0.625,31
"2019",30,"15-15",0.65,22
"2020",30,"15-15",0.675,12
"2021",30,"15-15",0.7,7
"2022",30,"15-15",0.725,4
"2023",30,"15-15",0.75,2
"2024",30,"15-15",0.775,1
"2025",30,"15-15",0.8,0
"2026",30,"15-15",0.825,0
"2027",30,"15-15",0.85,0
"2028",30,"15-15",0.875,0
"2029",30,"15-30",0.25,0
"2030",30,"15-30",0.275,0
"2031",30,"15-30",0.3,0
"2032",30,"15-30",0.325,0
"2033",30,"15-30",0.35,0
"2034",30,"15-30",0.375,1
"2035",30,"15-30",0.4,0
"2036",30,"15-30",0.425,0
"2037",30,"15-30",0.45,0
"2038",30,"15-30",0.475,0
"2039",30,"15-30",0.5,4
"2040",30,"15-30",0.525,11
"2041",30,"15-30",0.55,14
"2042",30,"15-30",0.575,19
"2043",30,"15-30",0.6,27
"2044",30,"15-30",0.625,20
"2045",30,"15-30",0.65,17
"2046",30,"15-30",0.675,8
"2047",30,"15-30",0.7,5
"2048",30,"15-30",0.725,2
"2049",30,"15-30",0.75,1
"2050",30,"15-30",0.775,1
"2051",30,"15-30",0.8,0
"2052",30,"15-30",0.825,0
"2053",30,"15-30",0.85,0
"2054",30,"15-30",0.875,0
"2055",30,"15-40",0.25,0
"2056",30,"15-40",0.275,0
"2057",30,"15-40",0.3,0
"2058",30,"15-40",0.325,0
"2059",30,"15-40",0.35,0
"2060",30,"15-40",0.375,0
"2061",30,"15-40",0.4,0
"2062",30,"15-40",0.425,1
"2063",30,"15-40",0.45,2
"2064",30,"15-40",0.475,5
"2065",30,"15-40",0.5,4
"2066",30,"15-40",0.525,5
"2067",30,"15-40",0.55,10
"2068",30,"15-40",0.575,13
"2069",30,"15-40",0.6,22
"2070",30,"15-40",0.625,9
"2071",30,"15-40",0.65,10
"2072",30,"15-40",0.675,7
"2073",30,"15-40",0.7,5
"2074",30,"15-40",0.725,3
"2075",30,"15-40",0.75,0
"2076",30,"15-40",0.775,0
"2077",30,"15-40",0.8,0
"2078",30,"15-40",0.825,0
"2079",30,"15-40",0.85,0
"2080",30,"15-40",0.875,0
"2081",30,"30-0",0.25,0
"2082",30,"30-0",0.275,0
"2083",30,"30-0",0.3,0
"2084",30,"30-0",0.325,0
"2085",30,"30-0",0.35,0
"2086",30,"30-0",0.375,0
"2087",30,"30-0",0.4,0
"2088",30,"30-0",0.425,0
"2089",30,"30-0",0.45,0
"2090",30,"30-0",0.475,0
"2091",30,"30-0",0.5,0
"2092",30,"30-0",0.525,3
"2093",30,"30-0",0.55,6
"2094",30,"30-0",0.575,11
"2095",30,"30-0",0.6,12
"2096",30,"30-0",0.625,25
"2097",30,"30-0",0.65,28
"2098",30,"30-0",0.675,24
"2099",30,"30-0",0.7,23
"2100",30,"30-0",0.725,8
"2101",30,"30-0",0.75,8
"2102",30,"30-0",0.775,2
"2103",30,"30-0",0.8,0
"2104",30,"30-0",0.825,0
"2105",30,"30-0",0.85,0
"2106",30,"30-0",0.875,0
"2107",30,"30-15",0.25,0
"2108",30,"30-15",0.275,0
"2109",30,"30-15",0.3,0
"2110",30,"30-15",0.325,0
"2111",30,"30-15",0.35,0
"2112",30,"30-15",0.375,0
"2113",30,"30-15",0.4,0
"2114",30,"30-15",0.425,0
"2115",30,"30-15",0.45,0
"2116",30,"30-15",0.475,5
"2117",30,"30-15",0.5,4
"2118",30,"30-15",0.525,3
"2119",30,"30-15",0.55,13
"2120",30,"30-15",0.575,18
"2121",30,"30-15",0.6,35
"2122",30,"30-15",0.625,28
"2123",30,"30-15",0.65,23
"2124",30,"30-15",0.675,14
"2125",30,"30-15",0.7,6
"2126",30,"30-15",0.725,3
"2127",30,"30-15",0.75,1
"2128",30,"30-15",0.775,0
"2129",30,"30-15",0.8,0
"2130",30,"30-15",0.825,0
"2131",30,"30-15",0.85,0
"2132",30,"30-15",0.875,0
"2133",30,"30-30",0.25,0
"2134",30,"30-30",0.275,0
"2135",30,"30-30",0.3,0
"2136",30,"30-30",0.325,0
"2137",30,"30-30",0.35,0
"2138",30,"30-30",0.375,0
"2139",30,"30-30",0.4,0
"2140",30,"30-30",0.425,0
"2141",30,"30-30",0.45,1
"2142",30,"30-30",0.475,0
"2143",30,"30-30",0.5,6
"2144",30,"30-30",0.525,7
"2145",30,"30-30",0.55,8
"2146",30,"30-30",0.575,15
"2147",30,"30-30",0.6,18
"2148",30,"30-30",0.625,27
"2149",30,"30-30",0.65,28
"2150",30,"30-30",0.675,15
"2151",30,"30-30",0.7,7
"2152",30,"30-30",0.725,4
"2153",30,"30-30",0.75,0
"2154",30,"30-30",0.775,0
"2155",30,"30-30",0.8,0
"2156",30,"30-30",0.825,0
"2157",30,"30-30",0.85,0
"2158",30,"30-30",0.875,0
"2159",30,"30-40",0.25,0
"2160",30,"30-40",0.275,0
"2161",30,"30-40",0.3,0
"2162",30,"30-40",0.325,0
"2163",30,"30-40",0.35,0
"2164",30,"30-40",0.375,0
"2165",30,"30-40",0.4,0
"2166",30,"30-40",0.425,0
"2167",30,"30-40",0.45,3
"2168",30,"30-40",0.475,0
"2169",30,"30-40",0.5,5
"2170",30,"30-40",0.525,7
"2171",30,"30-40",0.55,17
"2172",30,"30-40",0.575,15
"2173",30,"30-40",0.6,23
"2174",30,"30-40",0.625,12
"2175",30,"30-40",0.65,13
"2176",30,"30-40",0.675,9
"2177",30,"30-40",0.7,5
"2178",30,"30-40",0.725,2
"2179",30,"30-40",0.75,1
"2180",30,"30-40",0.775,1
"2181",30,"30-40",0.8,1
"2182",30,"30-40",0.825,0
"2183",30,"30-40",0.85,0
"2184",30,"30-40",0.875,0
"2185",30,"40-0",0.25,0
"2186",30,"40-0",0.275,0
"2187",30,"40-0",0.3,0
"2188",30,"40-0",0.325,0
"2189",30,"40-0",0.35,0
"2190",30,"40-0",0.375,0
"2191",30,"40-0",0.4,0
"2192",30,"40-0",0.425,0
"2193",30,"40-0",0.45,1
"2194",30,"40-0",0.475,0
"2195",30,"40-0",0.5,0
"2196",30,"40-0",0.525,2
"2197",30,"40-0",0.55,2
"2198",30,"40-0",0.575,4
"2199",30,"40-0",0.6,12
"2200",30,"40-0",0.625,16
"2201",30,"40-0",0.65,29
"2202",30,"40-0",0.675,23
"2203",30,"40-0",0.7,24
"2204",30,"40-0",0.725,8
"2205",30,"40-0",0.75,3
"2206",30,"40-0",0.775,1
"2207",30,"40-0",0.8,0
"2208",30,"40-0",0.825,1
"2209",30,"40-0",0.85,1
"2210",30,"40-0",0.875,0
"2211",30,"40-15",0.25,0
"2212",30,"40-15",0.275,0
"2213",30,"40-15",0.3,0
"2214",30,"40-15",0.325,0
"2215",30,"40-15",0.35,0
"2216",30,"40-15",0.375,1
"2217",30,"40-15",0.4,0
"2218",30,"40-15",0.425,0
"2219",30,"40-15",0.45,1
"2220",30,"40-15",0.475,1
"2221",30,"40-15",0.5,1
"2222",30,"40-15",0.525,0
"2223",30,"40-15",0.55,3
"2224",30,"40-15",0.575,1
"2225",30,"40-15",0.6,17
"2226",30,"40-15",0.625,22
"2227",30,"40-15",0.65,32
"2228",30,"40-15",0.675,28
"2229",30,"40-15",0.7,16
"2230",30,"40-15",0.725,13
"2231",30,"40-15",0.75,2
"2232",30,"40-15",0.775,2
"2233",30,"40-15",0.8,1
"2234",30,"40-15",0.825,0
"2235",30,"40-15",0.85,0
"2236",30,"40-15",0.875,0
"2237",30,"40-30",0.25,0
"2238",30,"40-30",0.275,0
"2239",30,"40-30",0.3,0
"2240",30,"40-30",0.325,0
"2241",30,"40-30",0.35,0
"2242",30,"40-30",0.375,0
"2243",30,"40-30",0.4,0
"2244",30,"40-30",0.425,0
"2245",30,"40-30",0.45,0
"2246",30,"40-30",0.475,1
"2247",30,"40-30",0.5,1
"2248",30,"40-30",0.525,9
"2249",30,"40-30",0.55,10
"2250",30,"40-30",0.575,16
"2251",30,"40-30",0.6,34
"2252",30,"40-30",0.625,19
"2253",30,"40-30",0.65,23
"2254",30,"40-30",0.675,16
"2255",30,"40-30",0.7,3
"2256",30,"40-30",0.725,3
"2257",30,"40-30",0.75,1
"2258",30,"40-30",0.775,0
"2259",30,"40-30",0.8,0
"2260",30,"40-30",0.825,0
"2261",30,"40-30",0.85,0
"2262",30,"40-30",0.875,0
"2263",30,"40-40",0.25,0
"2264",30,"40-40",0.275,0
"2265",30,"40-40",0.3,0
"2266",30,"40-40",0.325,0
"2267",30,"40-40",0.35,0
"2268",30,"40-40",0.375,0
"2269",30,"40-40",0.4,0
"2270",30,"40-40",0.425,1
"2271",30,"40-40",0.45,3
"2272",30,"40-40",0.475,3
"2273",30,"40-40",0.5,3
"2274",30,"40-40",0.525,8
"2275",30,"40-40",0.55,9
"2276",30,"40-40",0.575,13
"2277",30,"40-40",0.6,26
"2278",30,"40-40",0.625,32
"2279",30,"40-40",0.65,12
"2280",30,"40-40",0.675,7
"2281",30,"40-40",0.7,2
"2282",30,"40-40",0.725,6
"2283",30,"40-40",0.75,0
"2284",30,"40-40",0.775,0
"2285",30,"40-40",0.8,0
"2286",30,"40-40",0.825,0
"2287",30,"40-40",0.85,0
"2288",30,"40-40",0.875,0
"2289",30,"40-50",0.25,0
"2290",30,"40-50",0.275,0
"2291",30,"40-50",0.3,0
"2292",30,"40-50",0.325,0
"2293",30,"40-50",0.35,0
"2294",30,"40-50",0.375,1
"2295",30,"40-50",0.4,0
"2296",30,"40-50",0.425,2
"2297",30,"40-50",0.45,0
"2298",30,"40-50",0.475,3
"2299",30,"40-50",0.5,3
"2300",30,"40-50",0.525,9
"2301",30,"40-50",0.55,9
"2302",30,"40-50",0.575,12
"2303",30,"40-50",0.6,16
"2304",30,"40-50",0.625,10
"2305",30,"40-50",0.65,9
"2306",30,"40-50",0.675,8
"2307",30,"40-50",0.7,2
"2308",30,"40-50",0.725,2
"2309",30,"40-50",0.75,1
"2310",30,"40-50",0.775,0
"2311",30,"40-50",0.8,0
"2312",30,"40-50",0.825,0
"2313",30,"40-50",0.85,0
"2314",30,"40-50",0.875,0
"2315",30,"50-40",0.25,0
"2316",30,"50-40",0.275,0
"2317",30,"50-40",0.3,0
"2318",30,"50-40",0.325,0
"2319",30,"50-40",0.35,0
"2320",30,"50-40",0.375,0
"2321",30,"50-40",0.4,0
"2322",30,"50-40",0.425,1
"2323",30,"50-40",0.45,0
"2324",30,"50-40",0.475,0
"2325",30,"50-40",0.5,3
"2326",30,"50-40",0.525,5
"2327",30,"50-40",0.55,14
"2328",30,"50-40",0.575,8
"2329",30,"50-40",0.6,16
"2330",30,"50-40",0.625,20
"2331",30,"50-40",0.65,18
"2332",30,"50-40",0.675,6
"2333",30,"50-40",0.7,6
"2334",30,"50-40",0.725,7
"2335",30,"50-40",0.75,3
"2336",30,"50-40",0.775,1
"2337",30,"50-40",0.8,0
"2338",30,"50-40",0.825,0
"2339",30,"50-40",0.85,0
"2340",30,"50-40",0.875,0
"2341",20,"0-0",0.25,0
"2342",20,"0-0",0.275,0
"2343",20,"0-0",0.3,0
"2344",20,"0-0",0.325,0
"2345",20,"0-0",0.35,0
"2346",20,"0-0",0.375,0
"2347",20,"0-0",0.4,0
"2348",20,"0-0",0.425,0
"2349",20,"0-0",0.45,0
"2350",20,"0-0",0.475,1
"2351",20,"0-0",0.5,1
"2352",20,"0-0",0.525,4
"2353",20,"0-0",0.55,10
"2354",20,"0-0",0.575,19
"2355",20,"0-0",0.6,34
"2356",20,"0-0",0.625,37
"2357",20,"0-0",0.65,33
"2358",20,"0-0",0.675,15
"2359",20,"0-0",0.7,8
"2360",20,"0-0",0.725,4
"2361",20,"0-0",0.75,0
"2362",20,"0-0",0.775,0
"2363",20,"0-0",0.8,0
"2364",20,"0-0",0.825,0
"2365",20,"0-0",0.85,0
"2366",20,"0-0",0.875,0
"2367",20,"0-15",0.25,0
"2368",20,"0-15",0.275,0
"2369",20,"0-15",0.3,0
"2370",20,"0-15",0.325,0
"2371",20,"0-15",0.35,0
"2372",20,"0-15",0.375,0
"2373",20,"0-15",0.4,1
"2374",20,"0-15",0.425,1
"2375",20,"0-15",0.45,3
"2376",20,"0-15",0.475,3
"2377",20,"0-15",0.5,4
"2378",20,"0-15",0.525,7
"2379",20,"0-15",0.55,12
"2380",20,"0-15",0.575,22
"2381",20,"0-15",0.6,22
"2382",20,"0-15",0.625,21
"2383",20,"0-15",0.65,12
"2384",20,"0-15",0.675,9
"2385",20,"0-15",0.7,4
"2386",20,"0-15",0.725,1
"2387",20,"0-15",0.75,0
"2388",20,"0-15",0.775,0
"2389",20,"0-15",0.8,0
"2390",20,"0-15",0.825,0
"2391",20,"0-15",0.85,0
"2392",20,"0-15",0.875,0
"2393",20,"0-30",0.25,0
"2394",20,"0-30",0.275,0
"2395",20,"0-30",0.3,0
"2396",20,"0-30",0.325,0
"2397",20,"0-30",0.35,0
"2398",20,"0-30",0.375,0
"2399",20,"0-30",0.4,0
"2400",20,"0-30",0.425,0
"2401",20,"0-30",0.45,0
"2402",20,"0-30",0.475,3
"2403",20,"0-30",0.5,2
"2404",20,"0-30",0.525,7
"2405",20,"0-30",0.55,2
"2406",20,"0-30",0.575,8
"2407",20,"0-30",0.6,17
"2408",20,"0-30",0.625,11
"2409",20,"0-30",0.65,10
"2410",20,"0-30",0.675,3
"2411",20,"0-30",0.7,3
"2412",20,"0-30",0.725,4
"2413",20,"0-30",0.75,1
"2414",20,"0-30",0.775,0
"2415",20,"0-30",0.8,1
"2416",20,"0-30",0.825,0
"2417",20,"0-30",0.85,1
"2418",20,"0-30",0.875,0
"2419",20,"0-40",0.25,0
"2420",20,"0-40",0.275,0
"2421",20,"0-40",0.3,0
"2422",20,"0-40",0.325,0
"2423",20,"0-40",0.35,0
"2424",20,"0-40",0.375,0
"2425",20,"0-40",0.4,0
"2426",20,"0-40",0.425,1
"2427",20,"0-40",0.45,0
"2428",20,"0-40",0.475,2
"2429",20,"0-40",0.5,2
"2430",20,"0-40",0.525,1
"2431",20,"0-40",0.55,0
"2432",20,"0-40",0.575,3
"2433",20,"0-40",0.6,4
"2434",20,"0-40",0.625,2
"2435",20,"0-40",0.65,1
"2436",20,"0-40",0.675,4
"2437",20,"0-40",0.7,0
"2438",20,"0-40",0.725,0
"2439",20,"0-40",0.75,0
"2440",20,"0-40",0.775,0
"2441",20,"0-40",0.8,1
"2442",20,"0-40",0.825,0
"2443",20,"0-40",0.85,0
"2444",20,"0-40",0.875,0
"2445",20,"15-0",0.25,0
"2446",20,"15-0",0.275,0
"2447",20,"15-0",0.3,0
"2448",20,"15-0",0.325,0
"2449",20,"15-0",0.35,0
"2450",20,"15-0",0.375,0
"2451",20,"15-0",0.4,0
"2452",20,"15-0",0.425,1
"2453",20,"15-0",0.45,0
"2454",20,"15-0",0.475,2
"2455",20,"15-0",0.5,4
"2456",20,"15-0",0.525,5
"2457",20,"15-0",0.55,12
"2458",20,"15-0",0.575,16
"2459",20,"15-0",0.6,26
"2460",20,"15-0",0.625,31
"2461",20,"15-0",0.65,26
"2462",20,"15-0",0.675,15
"2463",20,"15-0",0.7,8
"2464",20,"15-0",0.725,0
"2465",20,"15-0",0.75,3
"2466",20,"15-0",0.775,0
"2467",20,"15-0",0.8,1
"2468",20,"15-0",0.825,0
"2469",20,"15-0",0.85,0
"2470",20,"15-0",0.875,0
"2471",20,"15-15",0.25,0
"2472",20,"15-15",0.275,0
"2473",20,"15-15",0.3,0
"2474",20,"15-15",0.325,0
"2475",20,"15-15",0.35,0
"2476",20,"15-15",0.375,1
"2477",20,"15-15",0.4,0
"2478",20,"15-15",0.425,0
"2479",20,"15-15",0.45,0
"2480",20,"15-15",0.475,1
"2481",20,"15-15",0.5,5
"2482",20,"15-15",0.525,6
"2483",20,"15-15",0.55,11
"2484",20,"15-15",0.575,16
"2485",20,"15-15",0.6,26
"2486",20,"15-15",0.625,19
"2487",20,"15-15",0.65,19
"2488",20,"15-15",0.675,12
"2489",20,"15-15",0.7,7
"2490",20,"15-15",0.725,6
"2491",20,"15-15",0.75,2
"2492",20,"15-15",0.775,0
"2493",20,"15-15",0.8,0
"2494",20,"15-15",0.825,0
"2495",20,"15-15",0.85,0
"2496",20,"15-15",0.875,0
"2497",20,"15-30",0.25,0
"2498",20,"15-30",0.275,0
"2499",20,"15-30",0.3,0
"2500",20,"15-30",0.325,0
"2501",20,"15-30",0.35,0
"2502",20,"15-30",0.375,0
"2503",20,"15-30",0.4,0
"2504",20,"15-30",0.425,0
"2505",20,"15-30",0.45,0
"2506",20,"15-30",0.475,2
"2507",20,"15-30",0.5,7
"2508",20,"15-30",0.525,7
"2509",20,"15-30",0.55,12
"2510",20,"15-30",0.575,10
"2511",20,"15-30",0.6,26
"2512",20,"15-30",0.625,11
"2513",20,"15-30",0.65,11
"2514",20,"15-30",0.675,12
"2515",20,"15-30",0.7,3
"2516",20,"15-30",0.725,0
"2517",20,"15-30",0.75,0
"2518",20,"15-30",0.775,0
"2519",20,"15-30",0.8,0
"2520",20,"15-30",0.825,0
"2521",20,"15-30",0.85,0
"2522",20,"15-30",0.875,0
"2523",20,"15-40",0.25,0
"2524",20,"15-40",0.275,0
"2525",20,"15-40",0.3,0
"2526",20,"15-40",0.325,0
"2527",20,"15-40",0.35,0
"2528",20,"15-40",0.375,0
"2529",20,"15-40",0.4,1
"2530",20,"15-40",0.425,1
"2531",20,"15-40",0.45,2
"2532",20,"15-40",0.475,2
"2533",20,"15-40",0.5,4
"2534",20,"15-40",0.525,8
"2535",20,"15-40",0.55,8
"2536",20,"15-40",0.575,7
"2537",20,"15-40",0.6,8
"2538",20,"15-40",0.625,11
"2539",20,"15-40",0.65,6
"2540",20,"15-40",0.675,1
"2541",20,"15-40",0.7,6
"2542",20,"15-40",0.725,4
"2543",20,"15-40",0.75,1
"2544",20,"15-40",0.775,0
"2545",20,"15-40",0.8,0
"2546",20,"15-40",0.825,0
"2547",20,"15-40",0.85,0
"2548",20,"15-40",0.875,0
"2549",20,"30-0",0.25,0
"2550",20,"30-0",0.275,0
"2551",20,"30-0",0.3,0
"2552",20,"30-0",0.325,0
"2553",20,"30-0",0.35,0
"2554",20,"30-0",0.375,0
"2555",20,"30-0",0.4,0
"2556",20,"30-0",0.425,0
"2557",20,"30-0",0.45,0
"2558",20,"30-0",0.475,0
"2559",20,"30-0",0.5,2
"2560",20,"30-0",0.525,2
"2561",20,"30-0",0.55,3
"2562",20,"30-0",0.575,5
"2563",20,"30-0",0.6,12
"2564",20,"30-0",0.625,21
"2565",20,"30-0",0.65,29
"2566",20,"30-0",0.675,19
"2567",20,"30-0",0.7,15
"2568",20,"30-0",0.725,7
"2569",20,"30-0",0.75,3
"2570",20,"30-0",0.775,3
"2571",20,"30-0",0.8,2
"2572",20,"30-0",0.825,0
"2573",20,"30-0",0.85,0
"2574",20,"30-0",0.875,0
"2575",20,"30-15",0.25,0
"2576",20,"30-15",0.275,0
"2577",20,"30-15",0.3,0
"2578",20,"30-15",0.325,0
"2579",20,"30-15",0.35,0
"2580",20,"30-15",0.375,0
"2581",20,"30-15",0.4,0
"2582",20,"30-15",0.425,0
"2583",20,"30-15",0.45,2
"2584",20,"30-15",0.475,1
"2585",20,"30-15",0.5,5
"2586",20,"30-15",0.525,5
"2587",20,"30-15",0.55,12
"2588",20,"30-15",0.575,18
"2589",20,"30-15",0.6,30
"2590",20,"30-15",0.625,23
"2591",20,"30-15",0.65,18
"2592",20,"30-15",0.675,8
"2593",20,"30-15",0.7,3
"2594",20,"30-15",0.725,1
"2595",20,"30-15",0.75,2
"2596",20,"30-15",0.775,1
"2597",20,"30-15",0.8,0
"2598",20,"30-15",0.825,0
"2599",20,"30-15",0.85,0
"2600",20,"30-15",0.875,0
"2601",20,"30-30",0.25,0
"2602",20,"30-30",0.275,0
"2603",20,"30-30",0.3,0
"2604",20,"30-30",0.325,0
"2605",20,"30-30",0.35,0
"2606",20,"30-30",0.375,0
"2607",20,"30-30",0.4,0
"2608",20,"30-30",0.425,0
"2609",20,"30-30",0.45,1
"2610",20,"30-30",0.475,3
"2611",20,"30-30",0.5,3
"2612",20,"30-30",0.525,6
"2613",20,"30-30",0.55,7
"2614",20,"30-30",0.575,10
"2615",20,"30-30",0.6,20
"2616",20,"30-30",0.625,17
"2617",20,"30-30",0.65,24
"2618",20,"30-30",0.675,9
"2619",20,"30-30",0.7,9
"2620",20,"30-30",0.725,2
"2621",20,"30-30",0.75,1
"2622",20,"30-30",0.775,0
"2623",20,"30-30",0.8,0
"2624",20,"30-30",0.825,0
"2625",20,"30-30",0.85,0
"2626",20,"30-30",0.875,0
"2627",20,"30-40",0.25,0
"2628",20,"30-40",0.275,0
"2629",20,"30-40",0.3,0
"2630",20,"30-40",0.325,0
"2631",20,"30-40",0.35,0
"2632",20,"30-40",0.375,0
"2633",20,"30-40",0.4,2
"2634",20,"30-40",0.425,0
"2635",20,"30-40",0.45,1
"2636",20,"30-40",0.475,5
"2637",20,"30-40",0.5,3
"2638",20,"30-40",0.525,6
"2639",20,"30-40",0.55,14
"2640",20,"30-40",0.575,15
"2641",20,"30-40",0.6,13
"2642",20,"30-40",0.625,4
"2643",20,"30-40",0.65,6
"2644",20,"30-40",0.675,8
"2645",20,"30-40",0.7,6
"2646",20,"30-40",0.725,2
"2647",20,"30-40",0.75,2
"2648",20,"30-40",0.775,1
"2649",20,"30-40",0.8,0
"2650",20,"30-40",0.825,0
"2651",20,"30-40",0.85,0
"2652",20,"30-40",0.875,0
"2653",20,"40-0",0.25,0
"2654",20,"40-0",0.275,0
"2655",20,"40-0",0.3,0
"2656",20,"40-0",0.325,0
"2657",20,"40-0",0.35,0
"2658",20,"40-0",0.375,0
"2659",20,"40-0",0.4,0
"2660",20,"40-0",0.425,0
"2661",20,"40-0",0.45,0
"2662",20,"40-0",0.475,0
"2663",20,"40-0",0.5,0
"2664",20,"40-0",0.525,0
"2665",20,"40-0",0.55,4
"2666",20,"40-0",0.575,3
"2667",20,"40-0",0.6,5
"2668",20,"40-0",0.625,15
"2669",20,"40-0",0.65,18
"2670",20,"40-0",0.675,19
"2671",20,"40-0",0.7,19
"2672",20,"40-0",0.725,10
"2673",20,"40-0",0.75,5
"2674",20,"40-0",0.775,1
"2675",20,"40-0",0.8,1
"2676",20,"40-0",0.825,1
"2677",20,"40-0",0.85,0
"2678",20,"40-0",0.875,0
"2679",20,"40-15",0.25,0
"2680",20,"40-15",0.275,0
"2681",20,"40-15",0.3,0
"2682",20,"40-15",0.325,0
"2683",20,"40-15",0.35,0
"2684",20,"40-15",0.375,0
"2685",20,"40-15",0.4,0
"2686",20,"40-15",0.425,0
"2687",20,"40-15",0.45,0
"2688",20,"40-15",0.475,2
"2689",20,"40-15",0.5,0
"2690",20,"40-15",0.525,1
"2691",20,"40-15",0.55,4
"2692",20,"40-15",0.575,9
"2693",20,"40-15",0.6,10
"2694",20,"40-15",0.625,15
"2695",20,"40-15",0.65,28
"2696",20,"40-15",0.675,20
"2697",20,"40-15",0.7,15
"2698",20,"40-15",0.725,7
"2699",20,"40-15",0.75,2
"2700",20,"40-15",0.775,2
"2701",20,"40-15",0.8,1
"2702",20,"40-15",0.825,0
"2703",20,"40-15",0.85,0
"2704",20,"40-15",0.875,0
"2705",20,"40-30",0.25,0
"2706",20,"40-30",0.275,0
"2707",20,"40-30",0.3,0
"2708",20,"40-30",0.325,0
"2709",20,"40-30",0.35,0
"2710",20,"40-30",0.375,0
"2711",20,"40-30",0.4,0
"2712",20,"40-30",0.425,0
"2713",20,"40-30",0.45,0
"2714",20,"40-30",0.475,3
"2715",20,"40-30",0.5,1
"2716",20,"40-30",0.525,8
"2717",20,"40-30",0.55,8
"2718",20,"40-30",0.575,12
"2719",20,"40-30",0.6,14
"2720",20,"40-30",0.625,24
"2721",20,"40-30",0.65,21
"2722",20,"40-30",0.675,8
"2723",20,"40-30",0.7,8
"2724",20,"40-30",0.725,2
"2725",20,"40-30",0.75,2
"2726",20,"40-30",0.775,1
"2727",20,"40-30",0.8,0
"2728",20,"40-30",0.825,0
"2729",20,"40-30",0.85,0
"2730",20,"40-30",0.875,0
"2731",20,"40-40",0.25,0
"2732",20,"40-40",0.275,0
"2733",20,"40-40",0.3,0
"2734",20,"40-40",0.325,0
"2735",20,"40-40",0.35,0
"2736",20,"40-40",0.375,0
"2737",20,"40-40",0.4,2
"2738",20,"40-40",0.425,0
"2739",20,"40-40",0.45,1
"2740",20,"40-40",0.475,2
"2741",20,"40-40",0.5,3
"2742",20,"40-40",0.525,2
"2743",20,"40-40",0.55,10
"2744",20,"40-40",0.575,13
"2745",20,"40-40",0.6,15
"2746",20,"40-40",0.625,20
"2747",20,"40-40",0.65,15
"2748",20,"40-40",0.675,7
"2749",20,"40-40",0.7,5
"2750",20,"40-40",0.725,3
"2751",20,"40-40",0.75,0
"2752",20,"40-40",0.775,0
"2753",20,"40-40",0.8,0
"2754",20,"40-40",0.825,0
"2755",20,"40-40",0.85,0
"2756",20,"40-40",0.875,0
"2757",20,"40-50",0.25,0
"2758",20,"40-50",0.275,0
"2759",20,"40-50",0.3,0
"2760",20,"40-50",0.325,0
"2761",20,"40-50",0.35,0
"2762",20,"40-50",0.375,1
"2763",20,"40-50",0.4,2
"2764",20,"40-50",0.425,0
"2765",20,"40-50",0.45,5
"2766",20,"40-50",0.475,1
"2767",20,"40-50",0.5,4
"2768",20,"40-50",0.525,2
"2769",20,"40-50",0.55,10
"2770",20,"40-50",0.575,6
"2771",20,"40-50",0.6,13
"2772",20,"40-50",0.625,7
"2773",20,"40-50",0.65,7
"2774",20,"40-50",0.675,4
"2775",20,"40-50",0.7,2
"2776",20,"40-50",0.725,1
"2777",20,"40-50",0.75,0
"2778",20,"40-50",0.775,1
"2779",20,"40-50",0.8,0
"2780",20,"40-50",0.825,0
"2781",20,"40-50",0.85,0
"2782",20,"40-50",0.875,0
"2783",20,"50-40",0.25,0
"2784",20,"50-40",0.275,0
"2785",20,"50-40",0.3,0
"2786",20,"50-40",0.325,0
"2787",20,"50-40",0.35,0
"2788",20,"50-40",0.375,1
"2789",20,"50-40",0.4,0
"2790",20,"50-40",0.425,0
"2791",20,"50-40",0.45,3
"2792",20,"50-40",0.475,2
"2793",20,"50-40",0.5,2
"2794",20,"50-40",0.525,6
"2795",20,"50-40",0.55,7
"2796",20,"50-40",0.575,7
"2797",20,"50-40",0.6,12
"2798",20,"50-40",0.625,13
"2799",20,"50-40",0.65,8
"2800",20,"50-40",0.675,10
"2801",20,"50-40",0.7,6
"2802",20,"50-40",0.725,5
"2803",20,"50-40",0.75,2
"2804",20,"50-40",0.775,2
"2805",20,"50-40",0.8,0
"2806",20,"50-40",0.825,0
"2807",20,"50-40",0.85,0
"2808",20,"50-40",0.875,0
"2809",10,"0-0",0.25,0
"2810",10,"0-0",0.275,0
"2811",10,"0-0",0.3,0
"2812",10,"0-0",0.325,0
"2813",10,"0-0",0.35,0
"2814",10,"0-0",0.375,0
"2815",10,"0-0",0.4,0
"2816",10,"0-0",0.425,0
"2817",10,"0-0",0.45,2
"2818",10,"0-0",0.475,2
"2819",10,"0-0",0.5,4
"2820",10,"0-0",0.525,5
"2821",10,"0-0",0.55,7
"2822",10,"0-0",0.575,15
"2823",10,"0-0",0.6,23
"2824",10,"0-0",0.625,29
"2825",10,"0-0",0.65,17
"2826",10,"0-0",0.675,11
"2827",10,"0-0",0.7,7
"2828",10,"0-0",0.725,2
"2829",10,"0-0",0.75,0
"2830",10,"0-0",0.775,1
"2831",10,"0-0",0.8,0
"2832",10,"0-0",0.825,0
"2833",10,"0-0",0.85,0
"2834",10,"0-0",0.875,0
"2835",10,"0-15",0.25,0
"2836",10,"0-15",0.275,0
"2837",10,"0-15",0.3,0
"2838",10,"0-15",0.325,0
"2839",10,"0-15",0.35,0
"2840",10,"0-15",0.375,0
"2841",10,"0-15",0.4,0
"2842",10,"0-15",0.425,0
"2843",10,"0-15",0.45,1
"2844",10,"0-15",0.475,1
"2845",10,"0-15",0.5,2
"2846",10,"0-15",0.525,9
"2847",10,"0-15",0.55,8
"2848",10,"0-15",0.575,16
"2849",10,"0-15",0.6,15
"2850",10,"0-15",0.625,13
"2851",10,"0-15",0.65,6
"2852",10,"0-15",0.675,9
"2853",10,"0-15",0.7,2
"2854",10,"0-15",0.725,2
"2855",10,"0-15",0.75,0
"2856",10,"0-15",0.775,0
"2857",10,"0-15",0.8,0
"2858",10,"0-15",0.825,0
"2859",10,"0-15",0.85,0
"2860",10,"0-15",0.875,0
"2861",10,"0-30",0.25,0
"2862",10,"0-30",0.275,0
"2863",10,"0-30",0.3,0
"2864",10,"0-30",0.325,0
"2865",10,"0-30",0.35,0
"2866",10,"0-30",0.375,0
"2867",10,"0-30",0.4,1
"2868",10,"0-30",0.425,0
"2869",10,"0-30",0.45,1
"2870",10,"0-30",0.475,3
"2871",10,"0-30",0.5,4
"2872",10,"0-30",0.525,4
"2873",10,"0-30",0.55,1
"2874",10,"0-30",0.575,6
"2875",10,"0-30",0.6,6
"2876",10,"0-30",0.625,1
"2877",10,"0-30",0.65,8
"2878",10,"0-30",0.675,2
"2879",10,"0-30",0.7,1
"2880",10,"0-30",0.725,1
"2881",10,"0-30",0.75,0
"2882",10,"0-30",0.775,0
"2883",10,"0-30",0.8,0
"2884",10,"0-30",0.825,0
"2885",10,"0-30",0.85,0
"2886",10,"0-30",0.875,0
"2887",10,"0-40",0.25,0
"2888",10,"0-40",0.275,0
"2889",10,"0-40",0.3,0
"2890",10,"0-40",0.325,0
"2891",10,"0-40",0.35,0
"2892",10,"0-40",0.375,0
"2893",10,"0-40",0.4,0
"2894",10,"0-40",0.425,0
"2895",10,"0-40",0.45,0
"2896",10,"0-40",0.475,1
"2897",10,"0-40",0.5,1
"2898",10,"0-40",0.525,0
"2899",10,"0-40",0.55,0
"2900",10,"0-40",0.575,0
"2901",10,"0-40",0.6,3
"2902",10,"0-40",0.625,0
"2903",10,"0-40",0.65,2
"2904",10,"0-40",0.675,0
"2905",10,"0-40",0.7,0
"2906",10,"0-40",0.725,0
"2907",10,"0-40",0.75,0
"2908",10,"0-40",0.775,0
"2909",10,"0-40",0.8,0
"2910",10,"0-40",0.825,0
"2911",10,"0-40",0.85,0
"2912",10,"0-40",0.875,0
"2913",10,"15-0",0.25,0
"2914",10,"15-0",0.275,0
"2915",10,"15-0",0.3,0
"2916",10,"15-0",0.325,0
"2917",10,"15-0",0.35,0
"2918",10,"15-0",0.375,0
"2919",10,"15-0",0.4,0
"2920",10,"15-0",0.425,1
"2921",10,"15-0",0.45,1
"2922",10,"15-0",0.475,3
"2923",10,"15-0",0.5,2
"2924",10,"15-0",0.525,6
"2925",10,"15-0",0.55,10
"2926",10,"15-0",0.575,15
"2927",10,"15-0",0.6,18
"2928",10,"15-0",0.625,19
"2929",10,"15-0",0.65,10
"2930",10,"15-0",0.675,5
"2931",10,"15-0",0.7,8
"2932",10,"15-0",0.725,4
"2933",10,"15-0",0.75,0
"2934",10,"15-0",0.775,2
"2935",10,"15-0",0.8,0
"2936",10,"15-0",0.825,0
"2937",10,"15-0",0.85,0
"2938",10,"15-0",0.875,0
"2939",10,"15-15",0.25,0
"2940",10,"15-15",0.275,0
"2941",10,"15-15",0.3,0
"2942",10,"15-15",0.325,0
"2943",10,"15-15",0.35,0
"2944",10,"15-15",0.375,1
"2945",10,"15-15",0.4,0
"2946",10,"15-15",0.425,0
"2947",10,"15-15",0.45,1
"2948",10,"15-15",0.475,2
"2949",10,"15-15",0.5,1
"2950",10,"15-15",0.525,7
"2951",10,"15-15",0.55,10
"2952",10,"15-15",0.575,9
"2953",10,"15-15",0.6,12
"2954",10,"15-15",0.625,16
"2955",10,"15-15",0.65,15
"2956",10,"15-15",0.675,9
"2957",10,"15-15",0.7,4
"2958",10,"15-15",0.725,3
"2959",10,"15-15",0.75,0
"2960",10,"15-15",0.775,0
"2961",10,"15-15",0.8,0
"2962",10,"15-15",0.825,0
"2963",10,"15-15",0.85,0
"2964",10,"15-15",0.875,0
"2965",10,"15-30",0.25,0
"2966",10,"15-30",0.275,0
"2967",10,"15-30",0.3,0
"2968",10,"15-30",0.325,0
"2969",10,"15-30",0.35,0
"2970",10,"15-30",0.375,0
"2971",10,"15-30",0.4,0
"2972",10,"15-30",0.425,0
"2973",10,"15-30",0.45,1
"2974",10,"15-30",0.475,2
"2975",10,"15-30",0.5,6
"2976",10,"15-30",0.525,8
"2977",10,"15-30",0.55,3
"2978",10,"15-30",0.575,8
"2979",10,"15-30",0.6,15
"2980",10,"15-30",0.625,8
"2981",10,"15-30",0.65,8
"2982",10,"15-30",0.675,6
"2983",10,"15-30",0.7,0
"2984",10,"15-30",0.725,4
"2985",10,"15-30",0.75,0
"2986",10,"15-30",0.775,0
"2987",10,"15-30",0.8,0
"2988",10,"15-30",0.825,0
"2989",10,"15-30",0.85,0
"2990",10,"15-30",0.875,0
"2991",10,"15-40",0.25,0
"2992",10,"15-40",0.275,0
"2993",10,"15-40",0.3,0
"2994",10,"15-40",0.325,0
"2995",10,"15-40",0.35,1
"2996",10,"15-40",0.375,0
"2997",10,"15-40",0.4,0
"2998",10,"15-40",0.425,0
"2999",10,"15-40",0.45,1
"3000",10,"15-40",0.475,2
"3001",10,"15-40",0.5,2
"3002",10,"15-40",0.525,2
"3003",10,"15-40",0.55,1
"3004",10,"15-40",0.575,5
"3005",10,"15-40",0.6,3
"3006",10,"15-40",0.625,6
"3007",10,"15-40",0.65,4
"3008",10,"15-40",0.675,2
"3009",10,"15-40",0.7,1
"3010",10,"15-40",0.725,0
"3011",10,"15-40",0.75,0
"3012",10,"15-40",0.775,0
"3013",10,"15-40",0.8,1
"3014",10,"15-40",0.825,0
"3015",10,"15-40",0.85,0
"3016",10,"15-40",0.875,0
"3017",10,"30-0",0.25,0
"3018",10,"30-0",0.275,0
"3019",10,"30-0",0.3,0
"3020",10,"30-0",0.325,0
"3021",10,"30-0",0.35,0
"3022",10,"30-0",0.375,0
"3023",10,"30-0",0.4,0
"3024",10,"30-0",0.425,0
"3025",10,"30-0",0.45,0
"3026",10,"30-0",0.475,0
"3027",10,"30-0",0.5,0
"3028",10,"30-0",0.525,1
"3029",10,"30-0",0.55,5
"3030",10,"30-0",0.575,10
"3031",10,"30-0",0.6,7
"3032",10,"30-0",0.625,17
"3033",10,"30-0",0.65,12
"3034",10,"30-0",0.675,7
"3035",10,"30-0",0.7,8
"3036",10,"30-0",0.725,8
"3037",10,"30-0",0.75,2
"3038",10,"30-0",0.775,3
"3039",10,"30-0",0.8,0
"3040",10,"30-0",0.825,0
"3041",10,"30-0",0.85,0
"3042",10,"30-0",0.875,0
"3043",10,"30-15",0.25,0
"3044",10,"30-15",0.275,0
"3045",10,"30-15",0.3,0
"3046",10,"30-15",0.325,0
"3047",10,"30-15",0.35,0
"3048",10,"30-15",0.375,0
"3049",10,"30-15",0.4,2
"3050",10,"30-15",0.425,1
"3051",10,"30-15",0.45,1
"3052",10,"30-15",0.475,3
"3053",10,"30-15",0.5,3
"3054",10,"30-15",0.525,7
"3055",10,"30-15",0.55,8
"3056",10,"30-15",0.575,6
"3057",10,"30-15",0.6,23
"3058",10,"30-15",0.625,9
"3059",10,"30-15",0.65,9
"3060",10,"30-15",0.675,6
"3061",10,"30-15",0.7,2
"3062",10,"30-15",0.725,5
"3063",10,"30-15",0.75,0
"3064",10,"30-15",0.775,0
"3065",10,"30-15",0.8,1
"3066",10,"30-15",0.825,0
"3067",10,"30-15",0.85,0
"3068",10,"30-15",0.875,0
"3069",10,"30-30",0.25,0
"3070",10,"30-30",0.275,0
"3071",10,"30-30",0.3,0
"3072",10,"30-30",0.325,0
"3073",10,"30-30",0.35,0
"3074",10,"30-30",0.375,0
"3075",10,"30-30",0.4,1
"3076",10,"30-30",0.425,0
"3077",10,"30-30",0.45,0
"3078",10,"30-30",0.475,1
"3079",10,"30-30",0.5,2
"3080",10,"30-30",0.525,3
"3081",10,"30-30",0.55,13
"3082",10,"30-30",0.575,6
"3083",10,"30-30",0.6,14
"3084",10,"30-30",0.625,16
"3085",10,"30-30",0.65,8
"3086",10,"30-30",0.675,6
"3087",10,"30-30",0.7,3
"3088",10,"30-30",0.725,2
"3089",10,"30-30",0.75,2
"3090",10,"30-30",0.775,0
"3091",10,"30-30",0.8,0
"3092",10,"30-30",0.825,0
"3093",10,"30-30",0.85,0
"3094",10,"30-30",0.875,0
"3095",10,"30-40",0.25,0
"3096",10,"30-40",0.275,0
"3097",10,"30-40",0.3,0
"3098",10,"30-40",0.325,0
"3099",10,"30-40",0.35,0
"3100",10,"30-40",0.375,0
"3101",10,"30-40",0.4,3
"3102",10,"30-40",0.425,1
"3103",10,"30-40",0.45,2
"3104",10,"30-40",0.475,3
"3105",10,"30-40",0.5,2
"3106",10,"30-40",0.525,6
"3107",10,"30-40",0.55,13
"3108",10,"30-40",0.575,4
"3109",10,"30-40",0.6,5
"3110",10,"30-40",0.625,3
"3111",10,"30-40",0.65,5
"3112",10,"30-40",0.675,4
"3113",10,"30-40",0.7,2
"3114",10,"30-40",0.725,1
"3115",10,"30-40",0.75,3
"3116",10,"30-40",0.775,0
"3117",10,"30-40",0.8,1
"3118",10,"30-40",0.825,0
"3119",10,"30-40",0.85,0
"3120",10,"30-40",0.875,0
"3121",10,"40-0",0.25,0
"3122",10,"40-0",0.275,0
"3123",10,"40-0",0.3,0
"3124",10,"40-0",0.325,0
"3125",10,"40-0",0.35,0
"3126",10,"40-0",0.375,0
"3127",10,"40-0",0.4,0
"3128",10,"40-0",0.425,1
"3129",10,"40-0",0.45,0
"3130",10,"40-0",0.475,0
"3131",10,"40-0",0.5,2
"3132",10,"40-0",0.525,2
"3133",10,"40-0",0.55,0
"3134",10,"40-0",0.575,2
"3135",10,"40-0",0.6,5
"3136",10,"40-0",0.625,9
"3137",10,"40-0",0.65,12
"3138",10,"40-0",0.675,8
"3139",10,"40-0",0.7,11
"3140",10,"40-0",0.725,8
"3141",10,"40-0",0.75,3
"3142",10,"40-0",0.775,1
"3143",10,"40-0",0.8,2
"3144",10,"40-0",0.825,0
"3145",10,"40-0",0.85,0
"3146",10,"40-0",0.875,0
"3147",10,"40-15",0.25,0
"3148",10,"40-15",0.275,0
"3149",10,"40-15",0.3,0
"3150",10,"40-15",0.325,0
"3151",10,"40-15",0.35,0
"3152",10,"40-15",0.375,0
"3153",10,"40-15",0.4,0
"3154",10,"40-15",0.425,1
"3155",10,"40-15",0.45,1
"3156",10,"40-15",0.475,1
"3157",10,"40-15",0.5,2
"3158",10,"40-15",0.525,1
"3159",10,"40-15",0.55,2
"3160",10,"40-15",0.575,6
"3161",10,"40-15",0.6,10
"3162",10,"40-15",0.625,8
"3163",10,"40-15",0.65,15
"3164",10,"40-15",0.675,12
"3165",10,"40-15",0.7,7
"3166",10,"40-15",0.725,7
"3167",10,"40-15",0.75,1
"3168",10,"40-15",0.775,3
"3169",10,"40-15",0.8,0
"3170",10,"40-15",0.825,0
"3171",10,"40-15",0.85,0
"3172",10,"40-15",0.875,0
"3173",10,"40-30",0.25,0
"3174",10,"40-30",0.275,0
"3175",10,"40-30",0.3,0
"3176",10,"40-30",0.325,0
"3177",10,"40-30",0.35,0
"3178",10,"40-30",0.375,0
"3179",10,"40-30",0.4,0
"3180",10,"40-30",0.425,0
"3181",10,"40-30",0.45,1
"3182",10,"40-30",0.475,4
"3183",10,"40-30",0.5,0
"3184",10,"40-30",0.525,6
"3185",10,"40-30",0.55,3
"3186",10,"40-30",0.575,13
"3187",10,"40-30",0.6,20
"3188",10,"40-30",0.625,10
"3189",10,"40-30",0.65,6
"3190",10,"40-30",0.675,5
"3191",10,"40-30",0.7,4
"3192",10,"40-30",0.725,3
"3193",10,"40-30",0.75,1
"3194",10,"40-30",0.775,1
"3195",10,"40-30",0.8,0
"3196",10,"40-30",0.825,0
"3197",10,"40-30",0.85,0
"3198",10,"40-30",0.875,0
"3199",10,"40-40",0.25,0
"3200",10,"40-40",0.275,0
"3201",10,"40-40",0.3,0
"3202",10,"40-40",0.325,0
"3203",10,"40-40",0.35,0
"3204",10,"40-40",0.375,0
"3205",10,"40-40",0.4,0
"3206",10,"40-40",0.425,0
"3207",10,"40-40",0.45,2
"3208",10,"40-40",0.475,3
"3209",10,"40-40",0.5,4
"3210",10,"40-40",0.525,3
"3211",10,"40-40",0.55,8
"3212",10,"40-40",0.575,7
"3213",10,"40-40",0.6,10
"3214",10,"40-40",0.625,7
"3215",10,"40-40",0.65,9
"3216",10,"40-40",0.675,8
"3217",10,"40-40",0.7,2
"3218",10,"40-40",0.725,1
"3219",10,"40-40",0.75,2
"3220",10,"40-40",0.775,1
"3221",10,"40-40",0.8,0
"3222",10,"40-40",0.825,0
"3223",10,"40-40",0.85,0
"3224",10,"40-40",0.875,0
"3225",10,"40-50",0.25,0
"3226",10,"40-50",0.275,0
"3227",10,"40-50",0.3,0
"3228",10,"40-50",0.325,0
"3229",10,"40-50",0.35,0
"3230",10,"40-50",0.375,1
"3231",10,"40-50",0.4,1
"3232",10,"40-50",0.425,0
"3233",10,"40-50",0.45,0
"3234",10,"40-50",0.475,2
"3235",10,"40-50",0.5,3
"3236",10,"40-50",0.525,2
"3237",10,"40-50",0.55,5
"3238",10,"40-50",0.575,2
"3239",10,"40-50",0.6,5
"3240",10,"40-50",0.625,5
"3241",10,"40-50",0.65,3
"3242",10,"40-50",0.675,3
"3243",10,"40-50",0.7,0
"3244",10,"40-50",0.725,0
"3245",10,"40-50",0.75,1
"3246",10,"40-50",0.775,0
"3247",10,"40-50",0.8,0
"3248",10,"40-50",0.825,0
"3249",10,"40-50",0.85,0
"3250",10,"40-50",0.875,0
"3251",10,"50-40",0.25,0
"3252",10,"50-40",0.275,0
"3253",10,"50-40",0.3,0
"3254",10,"50-40",0.325,0
"3255",10,"50-40",0.35,0
"3256",10,"50-40",0.375,0
"3257",10,"50-40",0.4,1
"3258",10,"50-40",0.425,0
"3259",10,"50-40",0.45,1
"3260",10,"50-40",0.475,5
"3261",10,"50-40",0.5,3
"3262",10,"50-40",0.525,1
"3263",10,"50-40",0.55,5
"3264",10,"50-40",0.575,9
"3265",10,"50-40",0.6,6
"3266",10,"50-40",0.625,6
"3267",10,"50-40",0.65,5
"3268",10,"50-40",0.675,4
"3269",10,"50-40",0.7,0
"3270",10,"50-40",0.725,2
"3271",10,"50-40",0.75,2
"3272",10,"50-40",0.775,2
"3273",10,"50-40",0.8,0
"3274",10,"50-40",0.825,0
"3275",10,"50-40",0.85,0
"3276",10,"50-40",0.875,0
"3277",5,"0-0",0.25,0
"3278",5,"0-0",0.275,0
"3279",5,"0-0",0.3,0
"3280",5,"0-0",0.325,0
"3281",5,"0-0",0.35,0
"3282",5,"0-0",0.375,0
"3283",5,"0-0",0.4,0
"3284",5,"0-0",0.425,0
"3285",5,"0-0",0.45,1
"3286",5,"0-0",0.475,4
"3287",5,"0-0",0.5,0
"3288",5,"0-0",0.525,5
"3289",5,"0-0",0.55,6
"3290",5,"0-0",0.575,18
"3291",5,"0-0",0.6,24
"3292",5,"0-0",0.625,13
"3293",5,"0-0",0.65,12
"3294",5,"0-0",0.675,8
"3295",5,"0-0",0.7,2
"3296",5,"0-0",0.725,3
"3297",5,"0-0",0.75,1
"3298",5,"0-0",0.775,1
"3299",5,"0-0",0.8,0
"3300",5,"0-0",0.825,0
"3301",5,"0-0",0.85,0
"3302",5,"0-0",0.875,0
"3303",5,"0-15",0.25,0
"3304",5,"0-15",0.275,1
"3305",5,"0-15",0.3,0
"3306",5,"0-15",0.325,0
"3307",5,"0-15",0.35,0
"3308",5,"0-15",0.375,0
"3309",5,"0-15",0.4,0
"3310",5,"0-15",0.425,0
"3311",5,"0-15",0.45,3
"3312",5,"0-15",0.475,0
"3313",5,"0-15",0.5,5
"3314",5,"0-15",0.525,6
"3315",5,"0-15",0.55,1
"3316",5,"0-15",0.575,10
"3317",5,"0-15",0.6,12
"3318",5,"0-15",0.625,4
"3319",5,"0-15",0.65,5
"3320",5,"0-15",0.675,5
"3321",5,"0-15",0.7,3
"3322",5,"0-15",0.725,1
"3323",5,"0-15",0.75,0
"3324",5,"0-15",0.775,0
"3325",5,"0-15",0.8,0
"3326",5,"0-15",0.825,0
"3327",5,"0-15",0.85,0
"3328",5,"0-15",0.875,0
"3329",5,"0-30",0.25,0
"3330",5,"0-30",0.275,0
"3331",5,"0-30",0.3,0
"3332",5,"0-30",0.325,0
"3333",5,"0-30",0.35,0
"3334",5,"0-30",0.375,0
"3335",5,"0-30",0.4,0
"3336",5,"0-30",0.425,1
"3337",5,"0-30",0.45,0
"3338",5,"0-30",0.475,1
"3339",5,"0-30",0.5,1
"3340",5,"0-30",0.525,0
"3341",5,"0-30",0.55,1
"3342",5,"0-30",0.575,3
"3343",5,"0-30",0.6,1
"3344",5,"0-30",0.625,3
"3345",5,"0-30",0.65,2
"3346",5,"0-30",0.675,0
"3347",5,"0-30",0.7,2
"3348",5,"0-30",0.725,0
"3349",5,"0-30",0.75,0
"3350",5,"0-30",0.775,0
"3351",5,"0-30",0.8,0
"3352",5,"0-30",0.825,0
"3353",5,"0-30",0.85,0
"3354",5,"0-30",0.875,0
"3355",5,"0-40",0.25,0
"3356",5,"0-40",0.275,0
"3357",5,"0-40",0.3,0
"3358",5,"0-40",0.325,0
"3359",5,"0-40",0.35,0
"3360",5,"0-40",0.375,0
"3361",5,"0-40",0.4,0
"3362",5,"0-40",0.425,0
"3363",5,"0-40",0.45,0
"3364",5,"0-40",0.475,1
"3365",5,"0-40",0.5,0
"3366",5,"0-40",0.525,0
"3367",5,"0-40",0.55,0
"3368",5,"0-40",0.575,1
"3369",5,"0-40",0.6,0
"3370",5,"0-40",0.625,0
"3371",5,"0-40",0.65,0
"3372",5,"0-40",0.675,1
"3373",5,"0-40",0.7,0
"3374",5,"0-40",0.725,0
"3375",5,"0-40",0.75,0
"3376",5,"0-40",0.775,0
"3377",5,"0-40",0.8,0
"3378",5,"0-40",0.825,0
"3379",5,"0-40",0.85,0
"3380",5,"0-40",0.875,0
"3381",5,"15-0",0.25,0
"3382",5,"15-0",0.275,0
"3383",5,"15-0",0.3,0
"3384",5,"15-0",0.325,0
"3385",5,"15-0",0.35,1
"3386",5,"15-0",0.375,0
"3387",5,"15-0",0.4,0
"3388",5,"15-0",0.425,2
"3389",5,"15-0",0.45,0
"3390",5,"15-0",0.475,1
"3391",5,"15-0",0.5,0
"3392",5,"15-0",0.525,5
"3393",5,"15-0",0.55,6
"3394",5,"15-0",0.575,11
"3395",5,"15-0",0.6,11
"3396",5,"15-0",0.625,10
"3397",5,"15-0",0.65,8
"3398",5,"15-0",0.675,8
"3399",5,"15-0",0.7,5
"3400",5,"15-0",0.725,2
"3401",5,"15-0",0.75,3
"3402",5,"15-0",0.775,0
"3403",5,"15-0",0.8,0
"3404",5,"15-0",0.825,0
"3405",5,"15-0",0.85,0
"3406",5,"15-0",0.875,0
"3407",5,"15-15",0.25,0
"3408",5,"15-15",0.275,0
"3409",5,"15-15",0.3,0
"3410",5,"15-15",0.325,0
"3411",5,"15-15",0.35,0
"3412",5,"15-15",0.375,0
"3413",5,"15-15",0.4,0
"3414",5,"15-15",0.425,2
"3415",5,"15-15",0.45,1
"3416",5,"15-15",0.475,1
"3417",5,"15-15",0.5,5
"3418",5,"15-15",0.525,2
"3419",5,"15-15",0.55,6
"3420",5,"15-15",0.575,11
"3421",5,"15-15",0.6,9
"3422",5,"15-15",0.625,8
"3423",5,"15-15",0.65,8
"3424",5,"15-15",0.675,2
"3425",5,"15-15",0.7,3
"3426",5,"15-15",0.725,2
"3427",5,"15-15",0.75,0
"3428",5,"15-15",0.775,1
"3429",5,"15-15",0.8,1
"3430",5,"15-15",0.825,0
"3431",5,"15-15",0.85,0
"3432",5,"15-15",0.875,0
"3433",5,"15-30",0.25,0
"3434",5,"15-30",0.275,0
"3435",5,"15-30",0.3,0
"3436",5,"15-30",0.325,0
"3437",5,"15-30",0.35,1
"3438",5,"15-30",0.375,0
"3439",5,"15-30",0.4,1
"3440",5,"15-30",0.425,1
"3441",5,"15-30",0.45,0
"3442",5,"15-30",0.475,0
"3443",5,"15-30",0.5,0
"3444",5,"15-30",0.525,2
"3445",5,"15-30",0.55,11
"3446",5,"15-30",0.575,5
"3447",5,"15-30",0.6,2
"3448",5,"15-30",0.625,6
"3449",5,"15-30",0.65,4
"3450",5,"15-30",0.675,1
"3451",5,"15-30",0.7,3
"3452",5,"15-30",0.725,0
"3453",5,"15-30",0.75,2
"3454",5,"15-30",0.775,0
"3455",5,"15-30",0.8,0
"3456",5,"15-30",0.825,0
"3457",5,"15-30",0.85,0
"3458",5,"15-30",0.875,0
"3459",5,"15-40",0.25,0
"3460",5,"15-40",0.275,0
"3461",5,"15-40",0.3,0
"3462",5,"15-40",0.325,0
"3463",5,"15-40",0.35,0
"3464",5,"15-40",0.375,0
"3465",5,"15-40",0.4,0
"3466",5,"15-40",0.425,0
"3467",5,"15-40",0.45,2
"3468",5,"15-40",0.475,0
"3469",5,"15-40",0.5,0
"3470",5,"15-40",0.525,0
"3471",5,"15-40",0.55,2
"3472",5,"15-40",0.575,4
"3473",5,"15-40",0.6,1
"3474",5,"15-40",0.625,2
"3475",5,"15-40",0.65,0
"3476",5,"15-40",0.675,3
"3477",5,"15-40",0.7,1
"3478",5,"15-40",0.725,1
"3479",5,"15-40",0.75,0
"3480",5,"15-40",0.775,0
"3481",5,"15-40",0.8,0
"3482",5,"15-40",0.825,0
"3483",5,"15-40",0.85,0
"3484",5,"15-40",0.875,0
"3485",5,"30-0",0.25,0
"3486",5,"30-0",0.275,0
"3487",5,"30-0",0.3,0
"3488",5,"30-0",0.325,0
"3489",5,"30-0",0.35,0
"3490",5,"30-0",0.375,0
"3491",5,"30-0",0.4,0
"3492",5,"30-0",0.425,0
"3493",5,"30-0",0.45,0
"3494",5,"30-0",0.475,2
"3495",5,"30-0",0.5,1
"3496",5,"30-0",0.525,2
"3497",5,"30-0",0.55,3
"3498",5,"30-0",0.575,5
"3499",5,"30-0",0.6,8
"3500",5,"30-0",0.625,5
"3501",5,"30-0",0.65,7
"3502",5,"30-0",0.675,4
"3503",5,"30-0",0.7,7
"3504",5,"30-0",0.725,3
"3505",5,"30-0",0.75,4
"3506",5,"30-0",0.775,0
"3507",5,"30-0",0.8,2
"3508",5,"30-0",0.825,0
"3509",5,"30-0",0.85,0
"3510",5,"30-0",0.875,0
"3511",5,"30-15",0.25,0
"3512",5,"30-15",0.275,0
"3513",5,"30-15",0.3,0
"3514",5,"30-15",0.325,0
"3515",5,"30-15",0.35,0
"3516",5,"30-15",0.375,0
"3517",5,"30-15",0.4,1
"3518",5,"30-15",0.425,0
"3519",5,"30-15",0.45,2
"3520",5,"30-15",0.475,2
"3521",5,"30-15",0.5,4
"3522",5,"30-15",0.525,4
"3523",5,"30-15",0.55,14
"3524",5,"30-15",0.575,1
"3525",5,"30-15",0.6,8
"3526",5,"30-15",0.625,9
"3527",5,"30-15",0.65,3
"3528",5,"30-15",0.675,6
"3529",5,"30-15",0.7,2
"3530",5,"30-15",0.725,0
"3531",5,"30-15",0.75,0
"3532",5,"30-15",0.775,1
"3533",5,"30-15",0.8,0
"3534",5,"30-15",0.825,0
"3535",5,"30-15",0.85,0
"3536",5,"30-15",0.875,0
"3537",5,"30-30",0.25,0
"3538",5,"30-30",0.275,0
"3539",5,"30-30",0.3,0
"3540",5,"30-30",0.325,0
"3541",5,"30-30",0.35,0
"3542",5,"30-30",0.375,0
"3543",5,"30-30",0.4,1
"3544",5,"30-30",0.425,1
"3545",5,"30-30",0.45,0
"3546",5,"30-30",0.475,0
"3547",5,"30-30",0.5,0
"3548",5,"30-30",0.525,5
"3549",5,"30-30",0.55,6
"3550",5,"30-30",0.575,8
"3551",5,"30-30",0.6,8
"3552",5,"30-30",0.625,6
"3553",5,"30-30",0.65,5
"3554",5,"30-30",0.675,4
"3555",5,"30-30",0.7,0
"3556",5,"30-30",0.725,3
"3557",5,"30-30",0.75,1
"3558",5,"30-30",0.775,0
"3559",5,"30-30",0.8,0
"3560",5,"30-30",0.825,0
"3561",5,"30-30",0.85,0
"3562",5,"30-30",0.875,0
"3563",5,"30-40",0.25,0
"3564",5,"30-40",0.275,0
"3565",5,"30-40",0.3,0
"3566",5,"30-40",0.325,0
"3567",5,"30-40",0.35,0
"3568",5,"30-40",0.375,0
"3569",5,"30-40",0.4,0
"3570",5,"30-40",0.425,0
"3571",5,"30-40",0.45,2
"3572",5,"30-40",0.475,1
"3573",5,"30-40",0.5,2
"3574",5,"30-40",0.525,6
"3575",5,"30-40",0.55,4
"3576",5,"30-40",0.575,2
"3577",5,"30-40",0.6,0
"3578",5,"30-40",0.625,3
"3579",5,"30-40",0.65,0
"3580",5,"30-40",0.675,1
"3581",5,"30-40",0.7,3
"3582",5,"30-40",0.725,1
"3583",5,"30-40",0.75,1
"3584",5,"30-40",0.775,0
"3585",5,"30-40",0.8,0
"3586",5,"30-40",0.825,0
"3587",5,"30-40",0.85,1
"3588",5,"30-40",0.875,0
"3589",5,"40-0",0.25,0
"3590",5,"40-0",0.275,0
"3591",5,"40-0",0.3,0
"3592",5,"40-0",0.325,0
"3593",5,"40-0",0.35,0
"3594",5,"40-0",0.375,0
"3595",5,"40-0",0.4,0
"3596",5,"40-0",0.425,0
"3597",5,"40-0",0.45,0
"3598",5,"40-0",0.475,0
"3599",5,"40-0",0.5,1
"3600",5,"40-0",0.525,1
"3601",5,"40-0",0.55,0
"3602",5,"40-0",0.575,2
"3603",5,"40-0",0.6,1
"3604",5,"40-0",0.625,8
"3605",5,"40-0",0.65,6
"3606",5,"40-0",0.675,6
"3607",5,"40-0",0.7,2
"3608",5,"40-0",0.725,5
"3609",5,"40-0",0.75,1
"3610",5,"40-0",0.775,1
"3611",5,"40-0",0.8,2
"3612",5,"40-0",0.825,0
"3613",5,"40-0",0.85,0
"3614",5,"40-0",0.875,0
"3615",5,"40-15",0.25,0
"3616",5,"40-15",0.275,0
"3617",5,"40-15",0.3,0
"3618",5,"40-15",0.325,0
"3619",5,"40-15",0.35,0
"3620",5,"40-15",0.375,1
"3621",5,"40-15",0.4,0
"3622",5,"40-15",0.425,0
"3623",5,"40-15",0.45,0
"3624",5,"40-15",0.475,1
"3625",5,"40-15",0.5,0
"3626",5,"40-15",0.525,2
"3627",5,"40-15",0.55,4
"3628",5,"40-15",0.575,3
"3629",5,"40-15",0.6,8
"3630",5,"40-15",0.625,7
"3631",5,"40-15",0.65,3
"3632",5,"40-15",0.675,5
"3633",5,"40-15",0.7,6
"3634",5,"40-15",0.725,7
"3635",5,"40-15",0.75,2
"3636",5,"40-15",0.775,1
"3637",5,"40-15",0.8,0
"3638",5,"40-15",0.825,0
"3639",5,"40-15",0.85,0
"3640",5,"40-15",0.875,0
"3641",5,"40-30",0.25,0
"3642",5,"40-30",0.275,0
"3643",5,"40-30",0.3,0
"3644",5,"40-30",0.325,0
"3645",5,"40-30",0.35,0
"3646",5,"40-30",0.375,0
"3647",5,"40-30",0.4,1
"3648",5,"40-30",0.425,0
"3649",5,"40-30",0.45,0
"3650",5,"40-30",0.475,2
"3651",5,"40-30",0.5,4
"3652",5,"40-30",0.525,4
"3653",5,"40-30",0.55,7
"3654",5,"40-30",0.575,7
"3655",5,"40-30",0.6,8
"3656",5,"40-30",0.625,4
"3657",5,"40-30",0.65,4
"3658",5,"40-30",0.675,3
"3659",5,"40-30",0.7,1
"3660",5,"40-30",0.725,0
"3661",5,"40-30",0.75,0
"3662",5,"40-30",0.775,1
"3663",5,"40-30",0.8,0
"3664",5,"40-30",0.825,0
"3665",5,"40-30",0.85,0
"3666",5,"40-30",0.875,0
"3667",5,"40-40",0.25,0
"3668",5,"40-40",0.275,0
"3669",5,"40-40",0.3,0
"3670",5,"40-40",0.325,0
"3671",5,"40-40",0.35,0
"3672",5,"40-40",0.375,0
"3673",5,"40-40",0.4,1
"3674",5,"40-40",0.425,1
"3675",5,"40-40",0.45,0
"3676",5,"40-40",0.475,1
"3677",5,"40-40",0.5,1
"3678",5,"40-40",0.525,2
"3679",5,"40-40",0.55,3
"3680",5,"40-40",0.575,4
"3681",5,"40-40",0.6,2
"3682",5,"40-40",0.625,7
"3683",5,"40-40",0.65,4
"3684",5,"40-40",0.675,6
"3685",5,"40-40",0.7,1
"3686",5,"40-40",0.725,0
"3687",5,"40-40",0.75,1
"3688",5,"40-40",0.775,0
"3689",5,"40-40",0.8,0
"3690",5,"40-40",0.825,0
"3691",5,"40-40",0.85,0
"3692",5,"40-40",0.875,0
"3693",5,"40-50",0.25,0
"3694",5,"40-50",0.275,0
"3695",5,"40-50",0.3,0
"3696",5,"40-50",0.325,0
"3697",5,"40-50",0.35,0
"3698",5,"40-50",0.375,1
"3699",5,"40-50",0.4,0
"3700",5,"40-50",0.425,0
"3701",5,"40-50",0.45,1
"3702",5,"40-50",0.475,1
"3703",5,"40-50",0.5,0
"3704",5,"40-50",0.525,3
"3705",5,"40-50",0.55,2
"3706",5,"40-50",0.575,1
"3707",5,"40-50",0.6,0
"3708",5,"40-50",0.625,1
"3709",5,"40-50",0.65,3
"3710",5,"40-50",0.675,0
"3711",5,"40-50",0.7,0
"3712",5,"40-50",0.725,0
"3713",5,"40-50",0.75,0
"3714",5,"40-50",0.775,0
"3715",5,"40-50",0.8,0
"3716",5,"40-50",0.825,0
"3717",5,"40-50",0.85,0
"3718",5,"40-50",0.875,0
"3719",5,"50-40",0.25,0
"3720",5,"50-40",0.275,0
"3721",5,"50-40",0.3,0
"3722",5,"50-40",0.325,0
"3723",5,"50-40",0.35,0
"3724",5,"50-40",0.375,0
"3725",5,"50-40",0.4,0
"3726",5,"50-40",0.425,0
"3727",5,"50-40",0.45,0
"3728",5,"50-40",0.475,1
"3729",5,"50-40",0.5,0
"3730",5,"50-40",0.525,6
"3731",5,"50-40",0.55,3
"3732",5,"50-40",0.575,3
"3733",5,"50-40",0.6,1
"3734",5,"50-40",0.625,3
"3735",5,"50-40",0.65,2
"3736",5,"50-40",0.675,3
"3737",5,"50-40",0.7,2
"3738",5,"50-40",0.725,0
"3739",5,"50-40",0.75,1
"3740",5,"50-40",0.775,0
"3741",5,"50-40",0.8,0
"3742",5,"50-40",0.825,0
"3743",5,"50-40",0.85,0
"3744",5,"50-40",0.875,0
